date,temperature_2m,soil_temperature_100_to_255cm,soil_moisture_100_to_255cm,precipitation,water_leakage
2001-12-30 00:00:00+00:00,8.726,11.526,0.365,1.1,6825.71
2002-01-06 00:00:00+00:00,6.676,10.876,0.365,0.2,7377.76
2002-01-13 00:00:00+00:00,9.176,10.176,0.365,0.6,6842.04
2002-01-20 00:00:00+00:00,11.526,9.576,0.366,1.0,6143.7
2002-01-27 00:00:00+00:00,12.676,9.176,0.368,1.8,5903.38
2002-02-03 00:00:00+00:00,12.526,8.976,0.374,2.3,5727.11
2002-02-10 00:00:00+00:00,11.526,8.926,0.38,2.5,6745.02
2002-02-17 00:00:00+00:00,12.376,8.926,0.384,0.5,7030.34
2002-02-24 00:00:00+00:00,11.826,8.876,0.386,1.5,7014.64
2002-03-03 00:00:00+00:00,11.426,8.726,0.389,1.9,7202.31
2002-03-10 00:00:00+00:00,12.726,8.576,0.389,0.3,7002.17
2002-03-17 00:00:00+00:00,12.576,8.426,0.389,1.9,7028.73
2002-03-24 00:00:00+00:00,13.226,8.376,0.391,2.2,6517.72
2002-03-31 00:00:00+00:00,14.326,8.426,0.391,0.2,7577.32
2002-04-07 00:00:00+00:00,13.776,8.526,0.391,0.0,7470.86
2002-04-14 00:00:00+00:00,10.326,8.626,0.39,0.2,7555.42
2002-04-21 00:00:00+00:00,15.576,8.676,0.389,0.7,7734.59
2002-04-28 00:00:00+00:00,19.075998,8.926,0.387,1.6,7381.54
2002-05-05 00:00:00+00:00,13.776,9.176,0.384,1.4,7287.86
2002-05-12 00:00:00+00:00,14.976,9.376,0.382,0.6,7658.43
2002-05-19 00:00:00+00:00,17.175999,9.676,0.38,2.2,7654.99
2002-05-26 00:00:00+00:00,17.126,10.026,0.378,2.3,7793.51
2002-06-02 00:00:00+00:00,19.175999,10.376,0.375,2.1,7911.33
2002-06-09 00:00:00+00:00,18.226,10.726,0.373,3.4,7807.24
2002-06-16 00:00:00+00:00,20.626,11.076,0.371,1.5,8107.52
2002-06-23 00:00:00+00:00,23.876,11.526,0.369,1.7,8695.88
2002-06-30 00:00:00+00:00,21.126,11.976,0.368,0.8,7950.39
2002-07-07 00:00:00+00:00,18.575998,12.376,0.366,2.4,7805.63
2002-07-14 00:00:00+00:00,20.226,12.676,0.364,1.0,8417.2
2002-07-21 00:00:00+00:00,20.325998,13.076,0.362,1.0,8703.9
2002-07-28 00:00:00+00:00,24.626,13.476,0.36,0.3,8646.96
2002-08-04 00:00:00+00:00,22.726,13.976,0.358,1.3,7712.99
2002-08-11 00:00:00+00:00,22.325998,14.426,0.356,1.6,8146.28
2002-08-18 00:00:00+00:00,25.175999,14.826,0.354,0.7,7840.79
2002-08-25 00:00:00+00:00,22.776,15.276,0.352,0.3,7970.81
2002-09-01 00:00:00+00:00,22.276,15.626,0.351,0.2,8341.12
2002-09-08 00:00:00+00:00,21.376,15.876,0.349,1.1,7538.89
2002-09-15 00:00:00+00:00,19.726,16.075998,0.347,2.9,7658.94
2002-09-22 00:00:00+00:00,17.776,16.175999,0.345,0.0,7578.14
2002-09-29 00:00:00+00:00,17.976,16.175999,0.344,1.1,7976.94
2002-10-06 00:00:00+00:00,19.325998,16.126,0.342,0.4,8233.15
2002-10-13 00:00:00+00:00,14.726,16.075998,0.341,2.3,8375.76
2002-10-20 00:00:00+00:00,14.726,15.976,0.339,1.9,8143.21
2002-10-27 00:00:00+00:00,15.726,15.676,0.338,2.4,7763.02
2002-11-03 00:00:00+00:00,15.526,15.326,0.337,2.6,8808.73
2002-11-10 00:00:00+00:00,14.026,14.976,0.336,3.4,7928.69
2002-11-17 00:00:00+00:00,12.576,14.676,0.336,2.2,8067.78
2002-11-24 00:00:00+00:00,11.826,14.276,0.338,1.0,8666.96
2002-12-01 00:00:00+00:00,12.076,13.876,0.339,2.0,8464.23
2002-12-08 00:00:00+00:00,10.076,13.476,0.341,1.8,8125.75
2002-12-15 00:00:00+00:00,8.976,13.026,0.344,1.0,7778.24
2002-12-22 00:00:00+00:00,11.126,12.426,0.349,2.7,8595.61
2002-12-29 00:00:00+00:00,12.426,11.876,0.36,2.4,8694.26
2003-01-05 00:00:00+00:00,11.876,11.476,0.382,3.6,9007.02
2003-01-12 00:00:00+00:00,5.476,11.126,0.388,0.4,8347.08
2003-01-19 00:00:00+00:00,9.576,10.576,0.39,1.9,9666.0
2003-01-26 00:00:00+00:00,12.076,9.976,0.394,1.4,9297.04
2003-02-02 00:00:00+00:00,11.326,9.626,0.396,1.2,9859.37
2003-02-09 00:00:00+00:00,9.876,9.276,0.397,1.1,9450.82
2003-02-16 00:00:00+00:00,6.776,8.826,0.398,0.4,9826.37
2003-02-23 00:00:00+00:00,10.576,8.476,0.398,0.0,9913.42
2003-03-02 00:00:00+00:00,11.926,8.026,0.398,1.5,9291.96
2003-03-09 00:00:00+00:00,12.276,7.776,0.397,1.8,8680.77
2003-03-16 00:00:00+00:00,11.476,7.676,0.396,0.2,8765.25
2003-03-23 00:00:00+00:00,12.576,7.676,0.395,0.0,8982.13
2003-03-30 00:00:00+00:00,14.376,7.676,0.393,0.0,8560.53
2003-04-06 00:00:00+00:00,13.876,7.776,0.391,1.4,8600.42
2003-04-13 00:00:00+00:00,11.676,7.826,0.389,0.4,9056.22
2003-04-20 00:00:00+00:00,14.926,7.926,0.387,1.2,8991.43
2003-04-27 00:00:00+00:00,15.376,8.176,0.384,2.3,8489.0
2003-05-04 00:00:00+00:00,19.675999,8.476,0.382,1.2,9173.28
2003-05-11 00:00:00+00:00,15.976,8.876,0.379,0.8,8977.41
2003-05-18 00:00:00+00:00,15.476,9.226,0.376,1.6,8838.59
2003-05-25 00:00:00+00:00,17.026,9.526,0.374,0.7,9492.34
2003-06-01 00:00:00+00:00,20.075998,9.926,0.371,1.0,9128.03
2003-06-08 00:00:00+00:00,20.175999,10.476,0.368,2.5,9858.26
2003-06-15 00:00:00+00:00,21.126,11.026,0.366,0.5,9908.43
2003-06-22 00:00:00+00:00,23.425999,11.576,0.363,2.8,10571.6
2003-06-29 00:00:00+00:00,21.276,12.176,0.36,2.8,8909.66
2003-07-06 00:00:00+00:00,19.175999,12.676,0.358,2.3,10278.63
2003-07-13 00:00:00+00:00,25.575998,13.176,0.356,0.2,10182.67
2003-07-20 00:00:00+00:00,25.526,13.726,0.353,1.7,10146.87
2003-07-27 00:00:00+00:00,21.526,14.276,0.35,3.4,9699.74
2003-08-03 00:00:00+00:00,21.325998,14.676,0.348,1.4,12187.77
2003-08-10 00:00:00+00:00,28.075998,15.126,0.346,0.0,12532.98
2003-08-17 00:00:00+00:00,26.526,15.726,0.344,0.6,11906.32
2003-08-24 00:00:00+00:00,24.126,16.175999,0.342,0.2,10751.91
2003-08-31 00:00:00+00:00,19.425999,16.476,0.34,0.6,10484.65
2003-09-07 00:00:00+00:00,20.825998,16.675999,0.338,0.5,9678.37
2003-09-14 00:00:00+00:00,19.726,16.776,0.336,1.0,10783.99
2003-09-21 00:00:00+00:00,24.626,16.876,0.334,0.0,10645.14
2003-09-28 00:00:00+00:00,20.376,16.925999,0.332,2.5,9964.98
2003-10-05 00:00:00+00:00,17.925999,16.925999,0.331,1.5,10057.78
2003-10-12 00:00:00+00:00,17.626,16.876,0.329,0.7,9893.58
2003-10-19 00:00:00+00:00,13.426,16.675999,0.328,0.1,9764.38
2003-10-26 00:00:00+00:00,10.776,16.476,0.326,0.9,9875.46
2003-11-02 00:00:00+00:00,12.976,16.075998,0.325,2.3,9739.16
2003-11-09 00:00:00+00:00,14.176,15.576,0.324,0.2,9575.6
2003-11-16 00:00:00+00:00,13.226,15.126,0.323,0.7,9746.18
2003-11-23 00:00:00+00:00,14.326,14.726,0.322,2.1,9855.45
2003-11-30 00:00:00+00:00,11.576,14.376,0.322,3.7,9724.84
2003-12-07 00:00:00+00:00,11.076,13.926,0.323,0.8,9697.19
2003-12-14 00:00:00+00:00,12.826,13.476,0.324,1.9,9991.66
2003-12-21 00:00:00+00:00,11.526,12.926,0.328,1.7,10095.23
2003-12-28 00:00:00+00:00,10.426,12.376,0.331,1.6,9809.98
2004-01-04 00:00:00+00:00,7.276,11.776,0.337,1.6,10513.01
2004-01-11 00:00:00+00:00,11.076,11.226,0.343,2.5,9077.58
2004-01-18 00:00:00+00:00,10.126,10.726,0.351,2.1,9283.81
2004-01-25 00:00:00+00:00,10.326,10.326,0.357,1.1,9276.55
2004-02-01 00:00:00+00:00,11.226,9.926,0.364,2.2,9264.28
2004-02-08 00:00:00+00:00,14.276,9.526,0.372,1.7,8969.38
2004-02-15 00:00:00+00:00,10.326,9.326,0.376,0.2,8940.36
2004-02-22 00:00:00+00:00,8.226,9.126,0.378,0.7,9129.83
2004-02-29 00:00:00+00:00,5.526,8.876,0.379,0.6,8788.21
2004-03-07 00:00:00+00:00,8.926,8.476,0.379,0.6,8599.29
2004-03-14 00:00:00+00:00,10.876,8.076,0.379,1.0,8509.21
2004-03-21 00:00:00+00:00,15.126,7.776,0.379,1.1,8252.86
2004-03-28 00:00:00+00:00,10.126,7.726,0.378,0.9,7421.93
2004-04-04 00:00:00+00:00,13.176,7.776,0.378,1.4,7935.38
2004-04-11 00:00:00+00:00,11.226,7.876,0.378,1.5,7869.44
2004-04-18 00:00:00+00:00,14.776,8.026,0.377,1.4,7896.37
2004-04-25 00:00:00+00:00,16.526,8.226,0.376,0.6,7927.03
2004-05-02 00:00:00+00:00,16.575998,8.526,0.375,1.5,7652.21
2004-05-09 00:00:00+00:00,13.926,8.776,0.374,2.4,7272.63
2004-05-16 00:00:00+00:00,17.726,9.076,0.373,0.1,7919.5
2004-05-23 00:00:00+00:00,20.526,9.526,0.372,1.4,7828.16
2004-05-30 00:00:00+00:00,18.876,9.926,0.371,1.4,7947.95
2004-06-06 00:00:00+00:00,19.976,10.326,0.37,0.7,8989.89
2004-06-13 00:00:00+00:00,24.825998,10.876,0.368,0.6,9419.4
2004-06-20 00:00:00+00:00,24.276,11.476,0.366,0.9,8289.2
2004-06-27 00:00:00+00:00,20.675999,11.926,0.364,3.7,9290.85
2004-07-04 00:00:00+00:00,20.626,12.326,0.362,1.2,8632.25
2004-07-11 00:00:00+00:00,18.425999,12.726,0.359,4.5,8358.62
2004-07-18 00:00:00+00:00,22.126,13.026,0.357,1.6,8539.51
2004-07-25 00:00:00+00:00,22.376,13.476,0.355,2.4,9657.93
2004-08-01 00:00:00+00:00,22.976,13.926,0.353,0.3,10038.05
2004-08-08 00:00:00+00:00,23.575998,14.476,0.351,0.9,9382.88
2004-08-15 00:00:00+00:00,23.126,14.976,0.349,3.7,8835.07
2004-08-22 00:00:00+00:00,22.476,15.426,0.347,2.3,8515.11
2004-08-29 00:00:00+00:00,20.276,15.676,0.345,2.4,8884.14
2004-09-05 00:00:00+00:00,23.476,15.826,0.344,0.0,9155.43
2004-09-12 00:00:00+00:00,21.075998,16.075998,0.342,0.7,8723.42
2004-09-19 00:00:00+00:00,19.726,16.175999,0.34,3.2,8642.97
2004-09-26 00:00:00+00:00,17.626,16.175999,0.339,0.7,8565.16
2004-10-03 00:00:00+00:00,17.776,16.175999,0.337,1.2,8219.33
2004-10-10 00:00:00+00:00,16.825998,16.075998,0.336,0.7,8219.76
2004-10-17 00:00:00+00:00,15.526,15.976,0.335,2.2,8542.48
2004-10-24 00:00:00+00:00,17.376,15.726,0.334,2.3,8475.42
2004-10-31 00:00:00+00:00,15.176,15.426,0.333,1.6,8452.75
2004-11-07 00:00:00+00:00,13.876,15.226,0.332,1.1,9095.71
2004-11-14 00:00:00+00:00,12.176,14.926,0.331,1.4,8148.45
2004-11-21 00:00:00+00:00,12.776,14.576,0.33,3.8,8621.12
2004-11-28 00:00:00+00:00,12.426,14.076,0.33,0.4,7926.49
2004-12-05 00:00:00+00:00,10.326,13.576,0.33,0.2,7977.95
2004-12-12 00:00:00+00:00,10.376,13.026,0.33,0.0,8364.94
2004-12-19 00:00:00+00:00,10.926,12.526,0.33,3.6,8380.6
2004-12-26 00:00:00+00:00,11.626,12.026,0.33,1.4,8634.66
2005-01-02 00:00:00+00:00,11.026,11.526,0.331,2.5,8993.72
2005-01-09 00:00:00+00:00,11.876,11.026,0.332,0.9,8334.27
2005-01-16 00:00:00+00:00,11.976,10.626,0.333,2.4,8760.74
2005-01-23 00:00:00+00:00,11.826,10.376,0.334,0.9,8965.19
2005-01-30 00:00:00+00:00,7.076,10.026,0.336,0.4,8941.72
2005-02-06 00:00:00+00:00,9.476,9.626,0.338,0.4,8636.94
2005-02-13 00:00:00+00:00,11.426,9.276,0.339,1.3,8651.86
2005-02-20 00:00:00+00:00,7.726,9.026,0.342,0.5,8801.46
2005-02-27 00:00:00+00:00,5.926,8.726,0.344,0.7,9071.37
2005-03-06 00:00:00+00:00,5.926,8.326,0.347,1.5,9055.32
2005-03-13 00:00:00+00:00,8.576,7.826,0.35,0.4,9294.14
2005-03-20 00:00:00+00:00,15.476,7.426,0.352,0.2,8983.71
2005-03-27 00:00:00+00:00,13.476,7.426,0.353,0.9,8754.69
2005-04-03 00:00:00+00:00,16.175999,7.576,0.353,1.4,8088.75
2005-04-10 00:00:00+00:00,12.276,7.776,0.354,0.8,8150.08
2005-04-17 00:00:00+00:00,14.226,7.876,0.354,1.1,8160.15
2005-04-24 00:00:00+00:00,12.926,8.026,0.354,1.5,8042.76
2005-05-01 00:00:00+00:00,21.675999,8.276,0.354,1.1,8090.47
2005-05-08 00:00:00+00:00,18.626,8.676,0.353,1.7,8204.36
2005-05-15 00:00:00+00:00,12.776,8.926,0.353,0.7,8301.51
2005-05-22 00:00:00+00:00,16.626,9.176,0.352,0.8,8618.09
2005-05-29 00:00:00+00:00,25.626,9.526,0.352,0.3,8307.56
2005-06-05 00:00:00+00:00,18.526,10.026,0.35,3.2,8615.53
2005-06-12 00:00:00+00:00,16.276,10.426,0.349,0.6,8546.13
2005-06-19 00:00:00+00:00,24.126,10.826,0.348,1.0,9759.48
2005-06-26 00:00:00+00:00,23.126,11.476,0.346,2.1,8940.34
2005-07-03 00:00:00+00:00,23.026,12.076,0.345,2.6,8421.54
2005-07-10 00:00:00+00:00,21.925999,12.576,0.343,1.4,9864.24
2005-07-17 00:00:00+00:00,25.075998,13.076,0.341,0.0,9809.6
2005-07-24 00:00:00+00:00,23.376,13.576,0.339,2.6,8435.59
2005-07-31 00:00:00+00:00,23.075998,13.976,0.338,5.4,8546.28
2005-08-07 00:00:00+00:00,20.276,14.326,0.336,2.1,8822.15
2005-08-14 00:00:00+00:00,22.226,14.626,0.335,2.5,8871.16
2005-08-21 00:00:00+00:00,20.825998,14.876,0.333,1.2,8099.94
2005-08-28 00:00:00+00:00,21.526,15.126,0.332,1.9,8588.11
2005-09-04 00:00:00+00:00,25.075998,15.326,0.331,1.5,8399.32
2005-09-11 00:00:00+00:00,23.325998,15.676,0.33,2.0,7552.42
2005-09-18 00:00:00+00:00,21.425999,15.876,0.329,1.8,7480.6
2005-09-25 00:00:00+00:00,20.075998,15.976,0.328,1.1,7409.54
2005-10-02 00:00:00+00:00,19.476,15.976,0.327,2.1,8138.19
2005-10-09 00:00:00+00:00,18.626,15.976,0.326,1.1,8500.86
2005-10-16 00:00:00+00:00,20.175999,15.926,0.325,0.8,8153.58
2005-10-23 00:00:00+00:00,16.175999,15.876,0.324,2.1,8394.68
2005-10-30 00:00:00+00:00,19.325998,15.826,0.324,2.5,8146.23
2005-11-06 00:00:00+00:00,17.476,15.726,0.323,1.8,8279.44
2005-11-13 00:00:00+00:00,15.676,15.626,0.323,0.8,8533.8
2005-11-20 00:00:00+00:00,12.026,15.376,0.323,0.9,8688.41
2005-11-27 00:00:00+00:00,8.826,14.976,0.323,0.7,8929.0
2005-12-04 00:00:00+00:00,10.126,14.276,0.323,1.2,8638.85
2005-12-11 00:00:00+00:00,8.226,13.576,0.324,1.3,8500.95
2005-12-18 00:00:00+00:00,11.076,12.926,0.324,0.3,8927.13
2005-12-25 00:00:00+00:00,9.076,12.326,0.325,0.8,8888.8
2006-01-01 00:00:00+00:00,9.376,11.726,0.325,1.3,8592.43
2006-01-08 00:00:00+00:00,8.076,11.176,0.326,0.8,8094.43
2006-01-15 00:00:00+00:00,10.126,10.576,0.328,0.6,7969.71
2006-01-22 00:00:00+00:00,10.626,10.076,0.33,1.2,7868.52
2006-01-29 00:00:00+00:00,6.476,9.726,0.332,0.3,8216.6
2006-02-05 00:00:00+00:00,7.826,9.276,0.334,0.0,8127.59
2006-02-12 00:00:00+00:00,9.176,8.826,0.335,1.3,7842.03
2006-02-19 00:00:00+00:00,10.726,8.476,0.337,2.0,7520.66
2006-02-26 00:00:00+00:00,5.826,8.176,0.341,1.0,7308.02
2006-03-05 00:00:00+00:00,6.026,7.876,0.345,0.9,7397.53
2006-03-12 00:00:00+00:00,10.226,7.476,0.348,1.9,7213.58
2006-03-19 00:00:00+00:00,5.426,7.126,0.351,0.8,7200.96
2006-03-26 00:00:00+00:00,12.876,6.826,0.352,1.5,6608.12
2006-04-02 00:00:00+00:00,13.676,6.676,0.354,2.7,6710.04
2006-04-09 00:00:00+00:00,10.976,6.826,0.355,1.0,7137.02
2006-04-16 00:00:00+00:00,13.726,6.976,0.355,0.7,6995.3
2006-04-23 00:00:00+00:00,13.176,7.176,0.355,0.5,7192.21
2006-04-30 00:00:00+00:00,15.026,7.476,0.355,0.7,7572.02
2006-05-07 00:00:00+00:00,18.026,7.826,0.355,1.9,7228.98
2006-05-14 00:00:00+00:00,17.526,8.276,0.354,2.5,7357.51
2006-05-21 00:00:00+00:00,17.075998,8.776,0.353,2.6,7239.48
2006-05-28 00:00:00+00:00,16.925999,9.176,0.353,2.2,7470.31
2006-06-04 00:00:00+00:00,19.276,9.526,0.352,1.5,8286.82
2006-06-11 00:00:00+00:00,23.675999,9.976,0.352,0.2,8400.81
2006-06-18 00:00:00+00:00,23.675999,10.526,0.351,3.8,8565.58
2006-06-25 00:00:00+00:00,19.776,11.176,0.35,0.3,8573.0
2006-07-02 00:00:00+00:00,22.175999,11.676,0.349,1.1,9514.48
2006-07-09 00:00:00+00:00,22.776,12.276,0.348,2.4,8863.86
2006-07-16 00:00:00+00:00,21.876,12.876,0.347,1.2,10983.6
2006-07-23 00:00:00+00:00,28.026,13.476,0.345,3.0,10899.46
2006-07-30 00:00:00+00:00,24.575998,14.176,0.343,2.3,10209.63
2006-08-06 00:00:00+00:00,23.026,14.776,0.341,0.9,9068.17
2006-08-13 00:00:00+00:00,20.876,15.176,0.34,3.3,8463.03
2006-08-20 00:00:00+00:00,20.276,15.426,0.338,1.1,8513.35
2006-08-27 00:00:00+00:00,19.675999,15.626,0.337,4.0,8228.54
2006-09-03 00:00:00+00:00,23.026,15.726,0.335,1.9,8420.16
2006-09-10 00:00:00+00:00,24.325998,15.926,0.334,0.0,8539.91
2006-09-17 00:00:00+00:00,22.825998,16.175999,0.333,1.4,8344.98
2006-09-24 00:00:00+00:00,23.876,16.376,0.332,3.9,7879.16
2006-10-01 00:00:00+00:00,20.226,16.526,0.331,1.2,7555.21
2006-10-08 00:00:00+00:00,17.075998,16.526,0.33,3.3,7561.95
2006-10-15 00:00:00+00:00,19.675999,16.476,0.329,1.3,7453.11
2006-10-22 00:00:00+00:00,17.075998,16.376,0.329,2.0,7569.23
2006-10-29 00:00:00+00:00,18.325998,16.325998,0.328,2.6,7409.4
2006-11-05 00:00:00+00:00,16.026,16.175999,0.328,0.1,7673.88
2006-11-12 00:00:00+00:00,15.026,15.876,0.327,2.0,7519.87
2006-11-19 00:00:00+00:00,14.776,15.426,0.327,3.0,7774.45
2006-11-26 00:00:00+00:00,14.676,14.976,0.327,1.8,8088.54
2006-12-03 00:00:00+00:00,13.976,14.526,0.328,1.8,8069.0
2006-12-10 00:00:00+00:00,13.726,14.176,0.331,2.1,8035.25
2006-12-17 00:00:00+00:00,12.626,13.776,0.335,1.8,8198.92
2006-12-24 00:00:00+00:00,8.176,13.376,0.34,0.0,8407.68
2006-12-31 00:00:00+00:00,12.576,12.826,0.343,1.5,8419.75
2007-01-07 00:00:00+00:00,11.376,12.276,0.346,2.6,7538.34
2007-01-14 00:00:00+00:00,13.076,11.876,0.35,1.5,7687.46
2007-01-21 00:00:00+00:00,13.826,11.576,0.355,2.0,7765.74
2007-01-28 00:00:00+00:00,8.726,11.326,0.359,0.5,7916.68
2007-02-04 00:00:00+00:00,11.126,10.976,0.362,0.1,8230.8
2007-02-11 00:00:00+00:00,10.126,10.576,0.364,1.6,7474.99
2007-02-18 00:00:00+00:00,10.676,10.076,0.369,1.6,7265.24
2007-02-25 00:00:00+00:00,10.926,9.726,0.373,1.6,7148.01
2007-03-04 00:00:00+00:00,11.826,9.526,0.379,2.4,7078.62
2007-03-11 00:00:00+00:00,13.126,9.376,0.384,1.6,7275.87
2007-03-18 00:00:00+00:00,14.426,9.276,0.385,0.5,7024.34
2007-03-25 00:00:00+00:00,9.776,9.226,0.385,0.5,7386.85
2007-04-01 00:00:00+00:00,11.776,9.126,0.385,1.2,7472.35
2007-04-08 00:00:00+00:00,15.076,9.026,0.385,0.1,7391.67
2007-04-15 00:00:00+00:00,19.476,9.176,0.384,0.0,7764.21
2007-04-22 00:00:00+00:00,19.476,9.426,0.382,0.0,7921.86
2007-04-29 00:00:00+00:00,18.876,9.776,0.38,0.3,8247.83
2007-05-06 00:00:00+00:00,16.976,10.126,0.378,0.2,7552.3
2007-05-13 00:00:00+00:00,16.276,10.426,0.376,3.2,7259.47
2007-05-20 00:00:00+00:00,18.026,10.676,0.374,1.8,7867.72
2007-05-27 00:00:00+00:00,19.776,10.976,0.371,2.1,7425.82
2007-06-03 00:00:00+00:00,17.925999,11.276,0.369,2.5,7404.52
2007-06-10 00:00:00+00:00,19.276,11.576,0.368,2.9,7563.02
2007-06-17 00:00:00+00:00,21.075998,12.026,0.366,1.6,7680.27
2007-06-24 00:00:00+00:00,19.276,12.476,0.365,3.6,7848.19
2007-07-01 00:00:00+00:00,18.876,12.826,0.364,1.8,7282.36
2007-07-08 00:00:00+00:00,18.776,13.126,0.362,1.8,7380.96
2007-07-15 00:00:00+00:00,21.376,13.426,0.362,0.8,7799.21
2007-07-22 00:00:00+00:00,21.226,13.826,0.361,3.8,8620.39
2007-07-29 00:00:00+00:00,19.925999,14.126,0.359,5.6,8421.92
2007-08-05 00:00:00+00:00,24.425999,14.426,0.358,0.1,8596.45
2007-08-12 00:00:00+00:00,20.825998,14.726,0.357,0.5,7906.77
2007-08-19 00:00:00+00:00,20.425999,15.026,0.356,3.2,7554.62
2007-08-26 00:00:00+00:00,23.175999,15.176,0.355,1.8,8085.64
2007-09-02 00:00:00+00:00,20.376,15.376,0.354,0.2,8515.76
2007-09-09 00:00:00+00:00,21.276,15.526,0.353,0.7,8770.75
2007-09-16 00:00:00+00:00,19.726,15.626,0.352,0.1,8502.14
2007-09-23 00:00:00+00:00,19.425999,15.676,0.351,0.4,8038.03
2007-09-30 00:00:00+00:00,17.226,15.676,0.35,2.5,7744.93
2007-10-07 00:00:00+00:00,16.325998,15.626,0.349,1.5,7654.71
2007-10-14 00:00:00+00:00,17.026,15.526,0.348,4.0,7325.25
2007-10-21 00:00:00+00:00,16.526,15.426,0.347,1.9,7426.49
2007-10-28 00:00:00+00:00,14.476,15.276,0.346,1.3,7419.88
2007-11-04 00:00:00+00:00,14.226,14.926,0.345,0.1,7634.2
2007-11-11 00:00:00+00:00,13.226,14.626,0.345,1.5,7674.33
2007-11-18 00:00:00+00:00,9.626,14.276,0.344,1.3,7581.22
2007-11-25 00:00:00+00:00,11.126,13.776,0.344,1.4,8023.37
2007-12-02 00:00:00+00:00,12.276,13.226,0.343,1.9,7181.41
2007-12-09 00:00:00+00:00,13.476,12.726,0.343,2.0,7267.92
2007-12-16 00:00:00+00:00,7.226,12.326,0.344,0.5,7898.94
2007-12-23 00:00:00+00:00,7.226,11.826,0.345,0.0,8281.6
2007-12-30 00:00:00+00:00,11.076,11.226,0.346,1.8,8492.22
2008-01-06 00:00:00+00:00,8.726,10.676,0.347,1.8,8227.19
2008-01-13 00:00:00+00:00,10.776,10.276,0.349,2.8,8276.65
2008-01-20 00:00:00+00:00,12.526,9.876,0.355,3.2,8024.33
2008-01-27 00:00:00+00:00,11.176,9.626,0.363,0.4,7829.8
2008-02-03 00:00:00+00:00,9.726,9.476,0.367,1.5,8121.11
2008-02-10 00:00:00+00:00,11.026,9.226,0.369,2.0,7895.5
2008-02-17 00:00:00+00:00,8.876,8.976,0.37,0.0,8104.68
2008-02-24 00:00:00+00:00,12.226,8.726,0.371,0.2,8026.02
2008-03-02 00:00:00+00:00,11.276,8.376,0.371,1.6,7820.32
2008-03-09 00:00:00+00:00,10.876,8.226,0.371,0.7,7482.8
2008-03-16 00:00:00+00:00,11.676,8.126,0.37,3.2,7659.37
2008-03-23 00:00:00+00:00,8.776,8.076,0.37,1.1,8142.99
2008-03-30 00:00:00+00:00,12.026,7.976,0.372,2.1,7918.6
2008-04-06 00:00:00+00:00,15.026,7.776,0.373,1.0,7488.06
2008-04-13 00:00:00+00:00,11.326,7.776,0.374,1.1,7362.15
2008-04-20 00:00:00+00:00,11.376,7.776,0.374,0.8,7406.33
2008-04-27 00:00:00+00:00,17.376,7.926,0.373,1.0,7596.26
2008-05-04 00:00:00+00:00,15.376,8.226,0.373,1.3,7927.04
2008-05-11 00:00:00+00:00,19.126,8.626,0.372,0.0,8349.36
2008-05-18 00:00:00+00:00,17.575998,9.176,0.371,1.5,8562.5
2008-05-25 00:00:00+00:00,16.276,9.576,0.369,2.6,8283.92
2008-06-01 00:00:00+00:00,17.876,10.026,0.368,4.1,7990.0
2008-06-08 00:00:00+00:00,19.626,10.476,0.366,1.6,8437.81
2008-06-15 00:00:00+00:00,19.876,10.926,0.365,2.3,8615.16
2008-06-22 00:00:00+00:00,19.876,11.326,0.364,0.6,9479.45
2008-06-29 00:00:00+00:00,20.575998,11.776,0.363,0.5,10035.0
2008-07-06 00:00:00+00:00,21.526,12.276,0.361,0.6,9023.81
2008-07-13 00:00:00+00:00,19.825998,12.726,0.359,3.1,9204.9
2008-07-20 00:00:00+00:00,23.226,13.126,0.358,0.7,10154.56
2008-07-27 00:00:00+00:00,23.776,13.526,0.356,0.0,10909.44
2008-08-03 00:00:00+00:00,23.575998,14.026,0.354,4.1,9815.92
2008-08-10 00:00:00+00:00,23.825998,14.476,0.352,2.4,9102.64
2008-08-17 00:00:00+00:00,19.626,14.776,0.351,2.9,9099.07
2008-08-24 00:00:00+00:00,20.026,15.026,0.349,1.8,9472.05
2008-08-31 00:00:00+00:00,21.626,15.276,0.348,0.8,9244.52
2008-09-07 00:00:00+00:00,19.376,15.476,0.347,1.8,8949.66
2008-09-14 00:00:00+00:00,21.026,15.576,0.345,0.7,8740.51
2008-09-21 00:00:00+00:00,16.425999,15.576,0.344,0.2,8810.86
2008-09-28 00:00:00+00:00,16.776,15.576,0.343,0.4,8522.34
2008-10-05 00:00:00+00:00,15.276,15.526,0.342,2.0,8247.61
2008-10-12 00:00:00+00:00,17.825998,15.426,0.341,0.7,8269.17
2008-10-19 00:00:00+00:00,17.626,15.226,0.341,0.8,8059.37
2008-10-26 00:00:00+00:00,15.826,15.026,0.34,2.0,8115.95
2008-11-02 00:00:00+00:00,11.576,14.776,0.339,2.9,7671.87
2008-11-09 00:00:00+00:00,12.026,14.376,0.339,1.9,7734.53
2008-11-16 00:00:00+00:00,12.826,13.976,0.341,2.4,7468.41
2008-11-23 00:00:00+00:00,11.476,13.576,0.343,1.6,7592.88
2008-11-30 00:00:00+00:00,10.426,13.176,0.345,1.4,7584.43
2008-12-07 00:00:00+00:00,7.726,12.626,0.351,1.1,7681.61
2008-12-14 00:00:00+00:00,6.426,11.976,0.355,1.3,7924.48
2008-12-21 00:00:00+00:00,11.426,11.276,0.358,0.7,7927.32
2008-12-28 00:00:00+00:00,11.026,10.676,0.361,0.1,8022.11
2009-01-04 00:00:00+00:00,5.276,10.326,0.362,0.1,8727.87
2009-01-11 00:00:00+00:00,7.176,9.776,0.363,0.7,8949.74
2009-01-18 00:00:00+00:00,9.326,9.126,0.364,1.9,7807.52
2009-01-25 00:00:00+00:00,9.276,8.626,0.367,3.0,7885.36
2009-02-01 00:00:00+00:00,7.626,8.226,0.374,0.8,7580.64
2009-02-08 00:00:00+00:00,6.976,7.876,0.379,1.0,7336.79
2009-02-15 00:00:00+00:00,7.726,7.426,0.389,3.4,7396.02
2009-02-22 00:00:00+00:00,10.076,7.026,0.393,0.1,6850.23
2009-03-01 00:00:00+00:00,11.226,6.776,0.393,1.1,6780.6
2009-03-08 00:00:00+00:00,10.176,6.726,0.393,2.3,6567.28
2009-03-15 00:00:00+00:00,12.226,6.726,0.393,1.7,6662.08
2009-03-22 00:00:00+00:00,12.876,6.776,0.393,0.0,6408.12
2009-03-29 00:00:00+00:00,11.326,6.876,0.392,1.4,5953.86
2009-04-05 00:00:00+00:00,13.626,6.976,0.391,0.1,5350.39
2009-04-12 00:00:00+00:00,14.826,7.176,0.389,0.7,5163.85
2009-04-19 00:00:00+00:00,14.676,7.526,0.388,1.3,4963.08
2009-04-26 00:00:00+00:00,15.426,7.826,0.386,0.1,4996.21
2009-05-03 00:00:00+00:00,17.476,8.176,0.384,1.1,5540.69
2009-05-10 00:00:00+00:00,17.575998,8.526,0.382,0.6,5919.72
2009-05-17 00:00:00+00:00,15.076,8.876,0.379,1.8,5783.08
2009-05-24 00:00:00+00:00,16.825998,9.276,0.377,0.3,6317.32
2009-05-31 00:00:00+00:00,19.175999,9.676,0.374,2.3,6643.75
2009-06-07 00:00:00+00:00,19.026,10.126,0.372,2.3,5534.52
2009-06-14 00:00:00+00:00,20.226,10.476,0.369,1.4,6026.27
2009-06-21 00:00:00+00:00,20.175999,10.976,0.367,0.8,6466.32
2009-06-28 00:00:00+00:00,22.575998,11.426,0.365,1.6,7435.15
2009-07-05 00:00:00+00:00,22.876,12.026,0.362,0.7,7081.73
2009-07-12 00:00:00+00:00,21.425999,12.626,0.36,1.8,6940.83
2009-07-19 00:00:00+00:00,21.376,13.126,0.357,2.2,7059.87
2009-07-26 00:00:00+00:00,22.526,13.526,0.355,0.9,6638.31
2009-08-02 00:00:00+00:00,20.726,13.926,0.353,3.1,6989.43
2009-08-09 00:00:00+00:00,24.825998,14.326,0.35,0.9,7298.4
2009-08-16 00:00:00+00:00,22.675999,14.726,0.348,0.8,8100.83
2009-08-23 00:00:00+00:00,25.425999,15.126,0.346,0.2,8451.1
2009-08-30 00:00:00+00:00,23.876,15.476,0.344,0.4,7889.65
2009-09-06 00:00:00+00:00,23.575998,15.726,0.342,2.0,7513.8
2009-09-13 00:00:00+00:00,24.425999,15.876,0.34,0.4,7061.75
2009-09-20 00:00:00+00:00,19.376,15.976,0.338,1.0,6987.45
2009-09-27 00:00:00+00:00,19.925999,16.026,0.337,0.1,6949.34
2009-10-04 00:00:00+00:00,18.075998,16.075998,0.335,0.5,6537.44
2009-10-11 00:00:00+00:00,18.226,16.026,0.334,3.1,6369.55
2009-10-18 00:00:00+00:00,15.026,15.976,0.332,0.5,6279.18
2009-10-25 00:00:00+00:00,16.126,15.776,0.331,1.7,6127.59
2009-11-01 00:00:00+00:00,16.026,15.476,0.33,2.5,5866.98
2009-11-08 00:00:00+00:00,13.826,15.226,0.329,1.8,6028.6
2009-11-15 00:00:00+00:00,15.576,14.926,0.328,3.7,5876.09
2009-11-22 00:00:00+00:00,14.276,14.526,0.328,2.0,5904.0
2009-11-29 00:00:00+00:00,13.076,14.176,0.327,2.5,5855.47
2009-12-06 00:00:00+00:00,12.126,13.876,0.327,1.3,5913.33
2009-12-13 00:00:00+00:00,12.126,13.376,0.329,1.0,6268.65
2009-12-20 00:00:00+00:00,4.676,12.926,0.331,1.3,7178.1
2009-12-27 00:00:00+00:00,8.126,12.276,0.333,1.1,7382.95
2010-01-03 00:00:00+00:00,6.226,11.526,0.337,1.5,8104.51
2010-01-10 00:00:00+00:00,2.576,10.826,0.341,0.7,9381.01
2010-01-17 00:00:00+00:00,7.326,10.026,0.346,1.3,7985.43
2010-01-24 00:00:00+00:00,7.876,9.326,0.352,0.3,7136.46
2010-01-31 00:00:00+00:00,6.576,8.776,0.357,0.7,7064.31
2010-02-07 00:00:00+00:00,9.076,8.326,0.36,1.3,7112.99
2010-02-14 00:00:00+00:00,3.826,7.826,0.363,0.4,7170.9
2010-02-21 00:00:00+00:00,6.026,7.426,0.366,1.8,7093.4
2010-02-28 00:00:00+00:00,9.326,6.976,0.372,1.9,6807.47
2010-03-07 00:00:00+00:00,7.576,6.626,0.378,0.0,6745.53
2010-03-14 00:00:00+00:00,8.876,6.426,0.38,0.6,6490.87
2010-03-21 00:00:00+00:00,12.276,6.176,0.38,1.1,6321.63
2010-03-28 00:00:00+00:00,14.026,6.326,0.38,1.0,6451.42
2010-04-04 00:00:00+00:00,11.326,6.476,0.38,1.7,6197.77
2010-04-11 00:00:00+00:00,13.476,6.676,0.38,0.4,6083.57
2010-04-18 00:00:00+00:00,12.476,6.876,0.38,0.0,5972.76
2010-04-25 00:00:00+00:00,16.026,7.076,0.38,0.5,6197.29
2010-05-02 00:00:00+00:00,17.876,7.426,0.379,1.7,5987.75
2010-05-09 00:00:00+00:00,10.976,7.726,0.377,0.2,5906.13
2010-05-16 00:00:00+00:00,14.226,7.926,0.376,0.8,6242.03
2010-05-23 00:00:00+00:00,18.925999,8.226,0.374,0.2,6875.11
2010-05-30 00:00:00+00:00,23.175999,8.726,0.372,1.1,6899.32
2010-06-06 00:00:00+00:00,20.776,9.176,0.37,1.2,6859.78
2010-06-13 00:00:00+00:00,18.526,9.726,0.367,2.5,6977.76
2010-06-20 00:00:00+00:00,16.376,10.176,0.365,0.2,7555.34
2010-06-27 00:00:00+00:00,23.075998,10.676,0.363,0.0,7988.4
2010-07-04 00:00:00+00:00,25.376,11.326,0.36,1.0,8448.65
2010-07-11 00:00:00+00:00,26.175999,12.076,0.357,0.5,7591.12
2010-07-18 00:00:00+00:00,21.876,12.776,0.355,1.5,8044.53
2010-07-25 00:00:00+00:00,23.925999,13.326,0.352,0.8,8324.57
2010-08-01 00:00:00+00:00,21.876,13.876,0.35,0.5,7980.12
2010-08-08 00:00:00+00:00,21.126,14.276,0.347,2.9,7255.67
2010-08-15 00:00:00+00:00,21.526,14.626,0.345,3.5,7468.96
2010-08-22 00:00:00+00:00,22.376,14.876,0.343,1.9,7243.74
2010-08-29 00:00:00+00:00,20.626,15.126,0.341,5.0,7467.95
2010-09-05 00:00:00+00:00,17.526,15.226,0.34,0.3,7292.07
2010-09-12 00:00:00+00:00,19.925999,15.326,0.339,2.7,7006.56
2010-09-19 00:00:00+00:00,18.575998,15.376,0.338,0.6,6880.74
2010-09-26 00:00:00+00:00,20.876,15.376,0.337,1.7,6944.97
2010-10-03 00:00:00+00:00,18.626,15.376,0.336,2.7,6456.69
2010-10-10 00:00:00+00:00,17.376,15.326,0.335,2.0,6252.4
2010-10-17 00:00:00+00:00,15.626,15.276,0.335,0.4,6137.5
2010-10-24 00:00:00+00:00,13.076,15.176,0.335,2.0,6392.61
2010-10-31 00:00:00+00:00,14.976,14.826,0.334,1.5,6277.85
2010-11-07 00:00:00+00:00,15.676,14.426,0.335,2.5,5885.46
2010-11-14 00:00:00+00:00,13.176,14.126,0.337,2.1,6112.79
2010-11-21 00:00:00+00:00,9.226,13.776,0.341,0.8,6392.84
2010-11-28 00:00:00+00:00,7.676,13.276,0.344,0.2,7815.41
2010-12-05 00:00:00+00:00,5.826,12.676,0.348,1.2,8443.92
2010-12-12 00:00:00+00:00,7.726,11.826,0.353,0.0,7841.5
2010-12-19 00:00:00+00:00,6.426,11.026,0.357,1.0,9073.76
2010-12-26 00:00:00+00:00,3.426,10.276,0.36,0.9,8690.05
2011-01-02 00:00:00+00:00,6.976,9.476,0.363,0.7,8104.3
2011-01-09 00:00:00+00:00,9.676,8.826,0.368,2.3,7500.18
2011-01-16 00:00:00+00:00,11.326,8.326,0.382,2.3,6742.28
2011-01-23 00:00:00+00:00,10.026,8.026,0.393,3.2,6490.5
2011-01-30 00:00:00+00:00,7.376,7.826,0.395,0.7,6733.33
2011-02-06 00:00:00+00:00,10.676,7.526,0.396,0.5,6332.93
2011-02-13 00:00:00+00:00,11.026,7.226,0.396,1.2,6000.11
2011-02-20 00:00:00+00:00,8.726,7.126,0.396,1.1,6292.02
2011-02-27 00:00:00+00:00,12.176,7.076,0.397,1.6,6030.15
2011-03-06 00:00:00+00:00,6.126,7.026,0.398,0.3,5874.87
2011-03-13 00:00:00+00:00,11.176,6.926,0.398,0.6,5662.29
2011-03-20 00:00:00+00:00,10.576,6.776,0.398,1.4,5937.69
2011-03-27 00:00:00+00:00,12.526,6.826,0.397,0.1,6041.33
2011-04-03 00:00:00+00:00,16.825998,6.976,0.395,1.3,6433.33
2011-04-10 00:00:00+00:00,18.075998,7.326,0.394,0.9,6520.23
2011-04-17 00:00:00+00:00,17.575998,7.626,0.392,0.1,7261.28
2011-04-24 00:00:00+00:00,18.925999,8.026,0.389,0.1,7269.69
2011-05-01 00:00:00+00:00,17.276,8.476,0.387,0.2,7589.73
2011-05-08 00:00:00+00:00,20.476,8.876,0.384,1.1,7425.57
2011-05-15 00:00:00+00:00,18.476,9.376,0.38,0.3,7659.38
2011-05-22 00:00:00+00:00,18.276,9.826,0.377,0.2,7874.85
2011-05-29 00:00:00+00:00,17.876,10.326,0.374,1.1,8117.37
2011-06-05 00:00:00+00:00,20.876,10.776,0.371,0.7,6988.92
2011-06-12 00:00:00+00:00,17.675999,11.176,0.367,1.5,6865.15
2011-06-19 00:00:00+00:00,19.675999,11.526,0.364,3.1,7016.39
2011-06-26 00:00:00+00:00,21.325998,11.876,0.362,1.6,7443.88
2011-07-03 00:00:00+00:00,27.026,12.326,0.359,0.3,7172.9
2011-07-10 00:00:00+00:00,21.675999,12.776,0.356,2.1,6797.34
2011-07-17 00:00:00+00:00,21.526,13.176,0.354,2.7,6777.81
2011-07-24 00:00:00+00:00,19.675999,13.526,0.352,1.5,7318.58
2011-07-31 00:00:00+00:00,20.376,13.776,0.349,0.1,8034.13
2011-08-07 00:00:00+00:00,24.376,14.126,0.347,2.8,7242.85
2011-08-14 00:00:00+00:00,20.626,14.426,0.345,1.5,7201.99
2011-08-21 00:00:00+00:00,23.575998,14.726,0.343,1.4,7010.03
2011-08-28 00:00:00+00:00,19.825998,14.976,0.342,5.6,6551.21
2011-09-04 00:00:00+00:00,23.476,15.126,0.34,1.2,6552.89
2011-09-11 00:00:00+00:00,22.325998,15.276,0.338,2.5,6230.99
2011-09-18 00:00:00+00:00,19.925999,15.426,0.337,0.9,6070.1
2011-09-25 00:00:00+00:00,20.276,15.426,0.336,1.3,6501.67
2011-10-02 00:00:00+00:00,24.626,15.526,0.334,0.2,5712.67
2011-10-09 00:00:00+00:00,23.175999,15.626,0.333,1.8,5600.63
2011-10-16 00:00:00+00:00,19.526,15.626,0.332,0.2,5499.9
2011-10-23 00:00:00+00:00,16.325998,15.626,0.331,1.2,5617.63
2011-10-30 00:00:00+00:00,16.425999,15.476,0.33,1.0,4990.33
2011-11-06 00:00:00+00:00,15.826,15.226,0.329,3.2,4786.91
2011-11-13 00:00:00+00:00,14.626,15.026,0.328,0.3,4818.62
2011-11-20 00:00:00+00:00,13.776,14.826,0.327,0.0,4987.06
2011-11-27 00:00:00+00:00,13.176,14.526,0.327,0.4,5266.84
2011-12-04 00:00:00+00:00,12.826,14.226,0.326,1.7,5676.27
2011-12-11 00:00:00+00:00,11.826,13.826,0.325,1.2,5655.78
2011-12-18 00:00:00+00:00,11.426,13.326,0.325,2.3,5944.26
2011-12-25 00:00:00+00:00,10.826,12.776,0.324,2.7,5925.42
2012-01-01 00:00:00+00:00,11.626,12.126,0.325,4.9,5427.69
2012-01-08 00:00:00+00:00,11.576,11.676,0.326,2.8,5274.82
2012-01-15 00:00:00+00:00,10.976,11.276,0.328,0.1,5353.44
2012-01-22 00:00:00+00:00,10.426,10.926,0.33,1.5,5462.4
2012-01-29 00:00:00+00:00,9.576,10.526,0.333,1.2,5552.29
2012-02-05 00:00:00+00:00,3.626,10.126,0.335,2.0,6452.33
2012-02-12 00:00:00+00:00,4.126,9.576,0.338,0.5,7182.41
2012-02-19 00:00:00+00:00,9.426,8.926,0.34,1.0,6112.44
2012-02-26 00:00:00+00:00,12.776,8.376,0.341,0.5,5345.57
2012-03-04 00:00:00+00:00,12.226,8.076,0.343,1.5,5055.54
2012-03-11 00:00:00+00:00,12.726,8.026,0.345,1.4,5136.91
2012-03-18 00:00:00+00:00,13.226,7.926,0.347,0.8,5043.5
2012-03-25 00:00:00+00:00,12.576,7.926,0.348,0.0,3889.09
2012-04-01 00:00:00+00:00,14.876,8.026,0.348,0.0,4784.15
2012-04-08 00:00:00+00:00,12.126,8.076,0.348,0.6,4698.74
2012-04-15 00:00:00+00:00,11.326,8.126,0.348,1.2,4642.82
2012-04-22 00:00:00+00:00,12.226,8.176,0.348,1.1,4715.99
2012-04-29 00:00:00+00:00,14.176,8.276,0.348,1.7,4912.28
2012-05-06 00:00:00+00:00,15.276,8.426,0.35,3.6,4982.63
2012-05-13 00:00:00+00:00,16.526,8.626,0.354,2.1,4936.14
2012-05-20 00:00:00+00:00,16.026,8.876,0.357,1.6,5235.48
2012-05-27 00:00:00+00:00,22.276,9.276,0.358,0.1,5620.54
2012-06-03 00:00:00+00:00,21.626,9.826,0.358,1.9,5324.2
2012-06-10 00:00:00+00:00,17.026,10.276,0.357,1.8,5035.11
2012-06-17 00:00:00+00:00,17.325998,10.576,0.358,2.1,5271.13
2012-06-24 00:00:00+00:00,19.626,10.976,0.359,3.9,5473.53
2012-07-01 00:00:00+00:00,24.226,11.476,0.359,0.4,5550.44
2012-07-08 00:00:00+00:00,21.175999,11.976,0.359,3.1,5326.45
2012-07-15 00:00:00+00:00,18.675999,12.426,0.361,2.2,5512.37
2012-07-22 00:00:00+00:00,20.825998,12.826,0.365,1.5,6256.87
2012-07-29 00:00:00+00:00,23.126,13.226,0.365,1.2,5751.21
2012-08-05 00:00:00+00:00,20.825998,13.626,0.365,1.2,5995.95
2012-08-12 00:00:00+00:00,20.526,14.026,0.365,0.6,6241.11
2012-08-19 00:00:00+00:00,26.876,14.426,0.365,2.8,6187.83
2012-08-26 00:00:00+00:00,22.876,14.926,0.364,1.1,5744.21
2012-09-02 00:00:00+00:00,20.825998,15.226,0.363,2.2,5775.72
2012-09-09 00:00:00+00:00,24.425999,15.426,0.362,0.2,5600.3
2012-09-16 00:00:00+00:00,20.376,15.576,0.361,1.1,5681.75
2012-09-23 00:00:00+00:00,18.425999,15.626,0.359,3.5,5006.57
2012-09-30 00:00:00+00:00,16.476,15.576,0.358,3.0,5099.07
2012-10-07 00:00:00+00:00,16.026,15.476,0.357,3.0,4922.47
2012-10-14 00:00:00+00:00,14.626,15.326,0.356,1.5,4979.31
2012-10-21 00:00:00+00:00,15.226,15.076,0.356,3.7,5154.93
2012-10-28 00:00:00+00:00,15.826,14.776,0.358,0.8,5061.03
2012-11-04 00:00:00+00:00,11.726,14.526,0.361,3.2,5119.89
2012-11-11 00:00:00+00:00,11.276,14.126,0.364,0.9,5388.0
2012-11-18 00:00:00+00:00,12.976,13.576,0.366,0.9,5463.4
2012-11-25 00:00:00+00:00,12.326,13.126,0.369,2.5,5162.8
2012-12-02 00:00:00+00:00,9.826,12.726,0.375,1.6,5318.08
2012-12-09 00:00:00+00:00,9.426,12.276,0.38,2.1,5969.5
2012-12-16 00:00:00+00:00,9.826,11.576,0.385,3.9,5712.85
2012-12-23 00:00:00+00:00,12.026,10.876,0.395,2.4,5541.96
2012-12-30 00:00:00+00:00,11.426,10.376,0.406,1.5,5509.12
2013-01-06 00:00:00+00:00,11.226,10.026,0.408,1.3,5316.51
2013-01-13 00:00:00+00:00,10.126,9.776,0.409,1.2,5261.71
2013-01-20 00:00:00+00:00,2.826,9.526,0.409,1.1,5780.21
2013-01-27 00:00:00+00:00,9.176,9.026,0.408,1.7,5518.91
2013-02-03 00:00:00+00:00,11.976,8.376,0.409,1.4,5256.26
2013-02-10 00:00:00+00:00,8.976,8.026,0.409,1.1,5286.1
2013-02-17 00:00:00+00:00,9.076,7.726,0.409,2.1,5242.37
2013-02-24 00:00:00+00:00,5.926,7.326,0.408,0.2,5221.86
2013-03-03 00:00:00+00:00,5.676,6.976,0.407,0.8,5432.9
2013-03-10 00:00:00+00:00,10.526,6.676,0.406,1.3,5421.34
2013-03-17 00:00:00+00:00,7.326,6.426,0.404,1.7,5476.37
2013-03-24 00:00:00+00:00,6.226,6.226,0.403,0.7,5494.54
2013-03-31 00:00:00+00:00,3.926,6.026,0.402,0.2,5749.99
2013-04-07 00:00:00+00:00,5.776,5.776,0.401,0.3,5508.87
2013-04-14 00:00:00+00:00,17.026,5.576,0.399,1.7,5383.9
2013-04-21 00:00:00+00:00,15.126,5.726,0.397,1.1,5176.38
2013-04-28 00:00:00+00:00,18.575998,6.076,0.396,1.0,5049.85
2013-05-05 00:00:00+00:00,16.675999,6.476,0.394,0.5,5250.86
2013-05-12 00:00:00+00:00,15.976,6.926,0.392,1.3,5238.78
2013-05-19 00:00:00+00:00,13.726,7.326,0.389,1.1,5483.67
2013-05-26 00:00:00+00:00,15.926,7.676,0.386,1.6,5479.61
2013-06-02 00:00:00+00:00,17.675999,8.026,0.384,1.2,5826.4
2013-06-09 00:00:00+00:00,15.226,8.476,0.381,0.3,5542.01
2013-06-16 00:00:00+00:00,17.825998,8.926,0.379,0.8,5517.23
2013-06-23 00:00:00+00:00,20.675999,9.476,0.376,2.1,5579.71
2013-06-30 00:00:00+00:00,22.425999,9.976,0.374,1.0,6152.28
2013-07-07 00:00:00+00:00,21.026,10.526,0.371,1.7,7149.95
2013-07-14 00:00:00+00:00,20.825998,11.126,0.369,0.1,8086.03
2013-07-21 00:00:00+00:00,22.575998,11.776,0.366,0.1,7314.04
2013-07-28 00:00:00+00:00,25.026,12.526,0.363,3.3,6983.98
2013-08-04 00:00:00+00:00,28.325998,13.176,0.361,2.0,6688.26
2013-08-11 00:00:00+00:00,22.425999,13.776,0.358,0.5,6447.72
2013-08-18 00:00:00+00:00,22.776,14.226,0.356,0.5,6521.8
2013-08-25 00:00:00+00:00,22.925999,14.626,0.353,2.5,6116.06
2013-09-01 00:00:00+00:00,22.075998,15.026,0.351,0.5,6384.55
2013-09-08 00:00:00+00:00,24.325998,15.326,0.349,0.7,5951.97
2013-09-15 00:00:00+00:00,18.276,15.476,0.347,2.7,5703.68
2013-09-22 00:00:00+00:00,18.776,15.526,0.345,1.4,5710.85
2013-09-29 00:00:00+00:00,18.325998,15.426,0.344,0.4,5785.32
2013-10-06 00:00:00+00:00,19.026,15.426,0.342,1.9,5684.75
2013-10-13 00:00:00+00:00,17.976,15.426,0.341,2.7,5704.61
2013-10-20 00:00:00+00:00,16.726,15.376,0.34,2.2,5949.01
2013-10-27 00:00:00+00:00,17.476,15.176,0.34,2.2,5958.62
2013-11-03 00:00:00+00:00,15.726,15.026,0.341,5.7,5812.1
2013-11-10 00:00:00+00:00,14.276,14.826,0.345,3.6,5580.15
2013-11-17 00:00:00+00:00,11.976,14.476,0.354,0.9,5668.32
2013-11-24 00:00:00+00:00,9.076,13.976,0.358,1.3,5876.43
2013-12-01 00:00:00+00:00,8.926,13.376,0.362,0.3,5815.03
2013-12-08 00:00:00+00:00,9.576,12.726,0.364,0.2,5713.28
2013-12-15 00:00:00+00:00,11.326,12.126,0.365,0.5,5691.43
2013-12-22 00:00:00+00:00,12.276,11.576,0.367,2.5,6002.85
2013-12-29 00:00:00+00:00,11.176,11.176,0.377,1.9,6123.82
2014-01-05 00:00:00+00:00,10.426,10.826,0.385,2.0,5606.1
2014-01-12 00:00:00+00:00,11.726,10.426,0.392,1.7,5645.78
2014-01-19 00:00:00+00:00,9.926,10.176,0.397,1.3,5569.18
2014-01-26 00:00:00+00:00,10.276,9.876,0.4,1.4,5724.32
2014-02-02 00:00:00+00:00,8.676,9.526,0.407,3.6,5793.43
2014-02-09 00:00:00+00:00,10.126,9.126,0.413,1.7,5865.2
2014-02-16 00:00:00+00:00,10.976,8.826,0.416,2.2,6138.83
2014-02-23 00:00:00+00:00,10.676,8.576,0.416,1.3,5844.15
2014-03-02 00:00:00+00:00,11.476,8.376,0.415,2.1,5393.03
2014-03-09 00:00:00+00:00,14.476,8.226,0.414,2.3,5236.72
2014-03-16 00:00:00+00:00,13.626,8.126,0.412,0.0,5383.47
2014-03-23 00:00:00+00:00,13.426,8.226,0.41,1.1,5150.57
2014-03-30 00:00:00+00:00,14.526,8.226,0.407,0.7,5793.3
2014-04-06 00:00:00+00:00,15.176,8.376,0.403,0.9,5865.24
2014-04-13 00:00:00+00:00,14.476,8.626,0.4,0.9,6064.0
2014-04-20 00:00:00+00:00,16.175999,8.876,0.397,1.8,5807.71
2014-04-27 00:00:00+00:00,14.976,9.076,0.394,1.1,6110.92
2014-05-04 00:00:00+00:00,15.276,9.326,0.39,1.1,6108.21
2014-05-11 00:00:00+00:00,16.626,9.576,0.387,2.0,6079.34
2014-05-18 00:00:00+00:00,18.925999,9.876,0.385,0.7,6573.61
2014-05-25 00:00:00+00:00,18.675999,10.276,0.382,4.8,6279.13
2014-06-01 00:00:00+00:00,16.726,10.676,0.379,1.0,5760.2
2014-06-08 00:00:00+00:00,21.425999,11.076,0.376,1.1,6821.56
2014-06-15 00:00:00+00:00,21.276,11.576,0.374,2.2,6573.16
2014-06-22 00:00:00+00:00,21.075998,12.076,0.372,0.4,6518.06
2014-06-29 00:00:00+00:00,20.175999,12.526,0.369,1.3,6656.53
2014-07-06 00:00:00+00:00,25.126,12.976,0.366,1.5,6610.04
2014-07-13 00:00:00+00:00,21.876,13.426,0.364,2.3,7083.56
2014-07-20 00:00:00+00:00,26.175999,13.876,0.361,2.1,6980.24
2014-07-27 00:00:00+00:00,25.026,14.426,0.359,0.5,6669.21
2014-08-03 00:00:00+00:00,23.776,14.976,0.356,2.0,6246.09
2014-08-10 00:00:00+00:00,23.226,15.426,0.354,5.7,6123.84
2014-08-17 00:00:00+00:00,20.226,15.726,0.352,1.8,5680.44
2014-08-24 00:00:00+00:00,18.476,15.876,0.35,1.1,6025.9
2014-08-31 00:00:00+00:00,20.976,15.926,0.348,2.9,6252.84
2014-09-07 00:00:00+00:00,20.175999,16.026,0.347,1.6,6219.95
2014-09-14 00:00:00+00:00,18.376,16.126,0.345,0.2,6153.13
2014-09-21 00:00:00+00:00,20.825998,16.226,0.344,1.1,6026.61
2014-09-28 00:00:00+00:00,20.026,16.276,0.343,0.3,5899.96
2014-10-05 00:00:00+00:00,20.325998,16.325998,0.341,1.1,6135.11
2014-10-12 00:00:00+00:00,16.575998,16.325998,0.34,2.0,5993.12
2014-10-19 00:00:00+00:00,19.825998,16.226,0.339,2.9,5994.48
2014-10-26 00:00:00+00:00,16.226,16.075998,0.338,1.2,6079.68
2014-11-02 00:00:00+00:00,18.526,15.926,0.337,1.5,5644.89
2014-11-09 00:00:00+00:00,13.226,15.726,0.337,2.1,5882.92
2014-11-16 00:00:00+00:00,12.576,15.476,0.337,1.9,5672.37
2014-11-23 00:00:00+00:00,13.176,15.076,0.338,2.0,5758.94
2014-11-30 00:00:00+00:00,11.726,14.676,0.341,0.9,5851.71
2014-12-07 00:00:00+00:00,9.776,14.176,0.344,0.5,6285.78
2014-12-14 00:00:00+00:00,10.976,13.676,0.347,1.9,6615.72
2014-12-21 00:00:00+00:00,11.626,13.026,0.351,2.3,6144.38
2014-12-28 00:00:00+00:00,11.276,12.426,0.355,2.4,6977.41
2015-01-04 00:00:00+00:00,11.826,11.926,0.359,1.9,6830.85
2015-01-11 00:00:00+00:00,12.976,11.326,0.365,4.2,6549.9
2015-01-18 00:00:00+00:00,10.826,10.826,0.374,2.2,6761.37
2015-01-25 00:00:00+00:00,7.226,10.426,0.379,1.5,7080.6
2015-02-01 00:00:00+00:00,9.126,9.876,0.382,1.1,7079.71
2015-02-08 00:00:00+00:00,6.826,9.326,0.383,0.3,6908.59
2015-02-15 00:00:00+00:00,8.076,8.776,0.384,1.1,6892.51
2015-02-22 00:00:00+00:00,8.326,8.326,0.384,1.6,6431.34
2015-03-01 00:00:00+00:00,10.226,7.976,0.386,1.9,6635.66
2015-03-08 00:00:00+00:00,11.826,7.726,0.387,0.9,6530.69
2015-03-15 00:00:00+00:00,10.326,7.576,0.387,0.3,6672.6
2015-03-22 00:00:00+00:00,9.576,7.476,0.387,0.8,6893.37
2015-03-29 00:00:00+00:00,12.226,7.426,0.386,1.1,6472.0
2015-04-05 00:00:00+00:00,10.976,7.426,0.386,1.7,6460.05
2015-04-12 00:00:00+00:00,14.376,7.476,0.385,0.6,6193.78
2015-04-19 00:00:00+00:00,20.175999,7.726,0.384,0.1,6613.86
2015-04-26 00:00:00+00:00,16.126,7.976,0.383,1.4,5962.49
2015-05-03 00:00:00+00:00,16.075998,8.176,0.381,1.7,6168.98
2015-05-10 00:00:00+00:00,16.226,8.476,0.38,3.7,6479.16
2015-05-17 00:00:00+00:00,19.526,8.826,0.378,1.5,5979.43
2015-05-24 00:00:00+00:00,17.876,9.176,0.376,1.8,6610.62
2015-05-31 00:00:00+00:00,17.675999,9.526,0.374,0.8,6583.2
2015-06-07 00:00:00+00:00,22.925999,9.876,0.372,0.9,6709.33
2015-06-14 00:00:00+00:00,19.425999,10.326,0.369,1.4,7310.95
2015-06-21 00:00:00+00:00,21.425999,10.726,0.367,0.9,6921.04
2015-06-28 00:00:00+00:00,23.075998,11.176,0.365,1.1,7846.54
2015-07-05 00:00:00+00:00,27.026,11.826,0.362,3.9,7510.76
2015-07-12 00:00:00+00:00,22.976,12.426,0.36,0.3,7498.15
2015-07-19 00:00:00+00:00,21.876,12.976,0.357,1.2,7833.99
2015-07-26 00:00:00+00:00,23.026,13.476,0.355,2.7,6901.49
2015-08-02 00:00:00+00:00,20.925999,13.826,0.353,0.3,7743.83
2015-08-09 00:00:00+00:00,23.575998,14.176,0.35,0.1,7752.94
2015-08-16 00:00:00+00:00,22.526,14.576,0.348,9.6,7189.81
2015-08-23 00:00:00+00:00,24.026,14.876,0.346,1.1,6550.65
2015-08-30 00:00:00+00:00,20.226,15.176,0.344,2.9,6873.16
2015-09-06 00:00:00+00:00,17.575998,15.326,0.343,1.2,6779.38
2015-09-13 00:00:00+00:00,19.376,15.326,0.342,1.5,6664.44
2015-09-20 00:00:00+00:00,18.175999,15.376,0.341,2.3,6338.7
2015-09-27 00:00:00+00:00,16.726,15.326,0.34,2.6,6291.69
2015-10-04 00:00:00+00:00,15.776,15.276,0.339,0.0,5999.4
2015-10-11 00:00:00+00:00,17.026,15.226,0.338,1.8,6364.29
2015-10-18 00:00:00+00:00,13.876,15.126,0.338,0.6,6360.83
2015-10-25 00:00:00+00:00,14.276,14.976,0.337,1.5,6037.23
2015-11-01 00:00:00+00:00,15.276,14.676,0.337,3.7,6206.92
2015-11-08 00:00:00+00:00,16.776,14.476,0.337,2.0,6194.81
2015-11-15 00:00:00+00:00,15.226,14.226,0.339,1.8,6008.53
2015-11-22 00:00:00+00:00,14.826,14.076,0.341,2.3,6004.83
2015-11-29 00:00:00+00:00,12.526,13.876,0.344,1.6,6134.07
2015-12-06 00:00:00+00:00,12.926,13.376,0.349,1.0,6881.13
2015-12-13 00:00:00+00:00,12.476,12.976,0.353,1.7,6032.05
2015-12-20 00:00:00+00:00,14.176,12.676,0.358,1.6,6269.41
2015-12-27 00:00:00+00:00,13.576,12.376,0.365,2.0,6011.57
2016-01-03 00:00:00+00:00,11.926,12.226,0.369,2.5,5972.13
2016-01-10 00:00:00+00:00,10.176,12.026,0.377,2.6,6198.21
2016-01-17 00:00:00+00:00,7.476,11.676,0.384,1.8,6544.58
2016-01-24 00:00:00+00:00,11.176,11.226,0.386,2.0,6836.29
2016-01-31 00:00:00+00:00,12.076,10.526,0.39,1.6,6829.42
2016-02-07 00:00:00+00:00,12.076,10.126,0.393,1.1,6671.54
2016-02-14 00:00:00+00:00,9.426,9.876,0.394,1.5,6931.06
2016-02-21 00:00:00+00:00,11.776,9.576,0.395,2.1,6494.41
2016-02-28 00:00:00+00:00,10.426,9.176,0.396,0.8,6330.24
2016-03-06 00:00:00+00:00,10.526,8.826,0.396,2.1,6127.96
2016-03-13 00:00:00+00:00,7.826,8.476,0.397,3.1,6291.05
2016-03-20 00:00:00+00:00,8.426,8.176,0.398,0.1,6357.69
2016-03-27 00:00:00+00:00,12.176,7.926,0.398,1.6,6569.53
2016-04-03 00:00:00+00:00,12.526,7.876,0.397,3.0,6236.34
2016-04-10 00:00:00+00:00,12.726,7.976,0.396,1.1,5913.45
2016-04-17 00:00:00+00:00,14.226,8.076,0.395,2.1,6080.11
2016-04-24 00:00:00+00:00,11.826,8.226,0.394,1.0,6102.69
2016-05-01 00:00:00+00:00,13.526,8.276,0.393,1.3,6314.38
2016-05-08 00:00:00+00:00,18.075998,8.426,0.392,0.6,6563.4
2016-05-15 00:00:00+00:00,16.876,8.876,0.39,0.7,6331.42
2016-05-22 00:00:00+00:00,16.776,9.276,0.388,1.6,6836.72
2016-05-29 00:00:00+00:00,18.175999,9.676,0.385,0.7,6582.91
2016-06-05 00:00:00+00:00,20.376,10.076,0.382,2.4,6903.93
2016-06-12 00:00:00+00:00,20.126,10.526,0.38,1.5,6782.24
2016-06-19 00:00:00+00:00,19.075998,11.026,0.377,1.5,7164.71
2016-06-26 00:00:00+00:00,22.175999,11.526,0.375,4.1,7306.09
2016-07-03 00:00:00+00:00,19.526,11.976,0.373,1.5,7558.79
2016-07-10 00:00:00+00:00,22.075998,12.476,0.371,0.4,7470.17
2016-07-17 00:00:00+00:00,23.726,12.926,0.37,1.3,8156.25
2016-07-24 00:00:00+00:00,27.526,13.476,0.368,0.2,8140.18
2016-07-31 00:00:00+00:00,22.526,14.076,0.366,0.7,8027.65
2016-08-07 00:00:00+00:00,23.175999,14.576,0.364,4.0,8505.21
2016-08-14 00:00:00+00:00,23.825998,14.976,0.362,0.5,8410.09
2016-08-21 00:00:00+00:00,20.825998,15.326,0.36,1.7,8621.77
2016-08-28 00:00:00+00:00,27.575998,15.726,0.358,9.4,8525.34
2016-09-04 00:00:00+00:00,22.575998,16.075998,0.356,1.7,9016.45
2016-09-11 00:00:00+00:00,23.575998,16.376,0.354,1.1,9535.65
2016-09-18 00:00:00+00:00,25.476,16.675999,0.352,3.5,8375.54
2016-09-25 00:00:00+00:00,21.325998,16.825998,0.35,0.1,8500.45
2016-10-02 00:00:00+00:00,21.325998,16.925999,0.348,1.3,8491.99
2016-10-09 00:00:00+00:00,16.226,16.925999,0.347,0.3,8837.39
2016-10-16 00:00:00+00:00,16.026,16.776,0.346,1.1,8208.11
2016-10-23 00:00:00+00:00,16.126,16.526,0.344,0.5,8787.48
2016-10-30 00:00:00+00:00,15.676,16.226,0.343,0.7,8686.71
2016-11-06 00:00:00+00:00,14.976,15.926,0.342,1.5,9273.02
2016-11-13 00:00:00+00:00,9.976,15.576,0.341,1.9,9254.01
2016-11-20 00:00:00+00:00,13.476,15.026,0.34,3.0,9090.93
2016-11-27 00:00:00+00:00,12.626,14.476,0.339,2.2,8552.78
2016-12-04 00:00:00+00:00,8.626,13.976,0.339,0.0,9013.61
2016-12-11 00:00:00+00:00,12.326,13.376,0.339,1.6,8480.92
2016-12-18 00:00:00+00:00,11.426,12.826,0.338,0.8,8331.37
2016-12-25 00:00:00+00:00,11.526,12.426,0.338,0.7,8578.42
2017-01-01 00:00:00+00:00,11.376,11.976,0.338,0.8,8623.01
2017-01-08 00:00:00+00:00,10.0,11.7,0.021,0.5,8357.95
2017-01-15 00:00:00+00:00,10.65,11.15,0.022,4.3,8378.33
2017-01-22 00:00:00+00:00,5.75,10.75,0.022,0.0,9758.62
2017-01-29 00:00:00+00:00,9.4,10.25,0.023,3.3,9696.17
2017-02-05 00:00:00+00:00,10.55,9.65,0.024,2.8,8703.18
2017-02-12 00:00:00+00:00,8.6,9.2,0.026,1.6,8599.48
2017-02-19 00:00:00+00:00,11.8,8.9,0.028,1.0,7988.01
2017-02-26 00:00:00+00:00,15.55,8.6,0.03,0.8,7945.68
2017-03-05 00:00:00+00:00,10.6,8.5,0.032,2.3,7624.0
2017-03-12 00:00:00+00:00,15.2,8.45,0.034,1.7,7149.27
2017-03-19 00:00:00+00:00,15.45,8.45,0.036,1.2,6771.09
2017-03-26 00:00:00+00:00,12.0,8.5,0.038,1.8,6724.06
2017-04-02 00:00:00+00:00,19.1,8.65,0.039,1.4,6641.13
2017-04-09 00:00:00+00:00,20.9,8.8,0.04,0.1,6868.41
2017-04-16 00:00:00+00:00,15.15,9.0,0.041,0.5,7117.32
2017-04-23 00:00:00+00:00,15.25,9.2,0.041,0.3,6575.5
2017-04-30 00:00:00+00:00,16.1,9.35,0.042,1.8,7013.06
2017-05-07 00:00:00+00:00,15.3,9.5,0.042,1.3,7138.54
2017-05-14 00:00:00+00:00,18.4,9.65,0.043,2.0,6911.54
2017-05-21 00:00:00+00:00,22.95,9.95,0.043,4.0,7555.4
2017-05-28 00:00:00+00:00,23.25,10.3,0.043,0.5,7705.28
2017-06-04 00:00:00+00:00,23.15,10.75,0.043,2.5,7178.89
2017-06-11 00:00:00+00:00,22.7,11.2,0.043,3.0,7573.48
2017-06-18 00:00:00+00:00,27.65,11.65,0.044,0.1,8769.47
2017-06-25 00:00:00+00:00,25.15,12.25,0.044,1.4,7822.75
2017-07-02 00:00:00+00:00,22.15,12.75,0.044,2.3,8378.39
2017-07-09 00:00:00+00:00,26.15,13.25,0.044,0.5,8046.4
2017-07-16 00:00:00+00:00,24.2,13.7,0.044,3.9,8138.54
2017-07-23 00:00:00+00:00,25.8,14.15,0.04,2.1,7770.65
2017-07-30 00:00:00+00:00,22.05,14.45,0.04,3.9,7879.58
2017-08-06 00:00:00+00:00,22.15,14.7,0.04,4.1,7646.54
2017-08-13 00:00:00+00:00,21.4,14.9,0.04,4.2,7841.54
2017-08-20 00:00:00+00:00,22.95,15.1,0.04,4.9,7663.56
2017-08-27 00:00:00+00:00,24.05,15.3,0.04,0.8,7934.53
2017-09-03 00:00:00+00:00,25.65,15.55,0.04,1.5,7368.4
2017-09-10 00:00:00+00:00,21.35,15.65,0.04,2.1,7353.06
2017-09-17 00:00:00+00:00,18.45,15.7,0.04,2.6,7426.36
2017-09-24 00:00:00+00:00,19.1,15.7,0.04,0.9,7190.53
2017-10-01 00:00:00+00:00,20.05,15.65,0.04,3.1,7130.3
2017-10-08 00:00:00+00:00,17.25,15.6,0.04,0.7,7429.16
2017-10-15 00:00:00+00:00,20.75,15.55,0.04,0.8,7280.36
2017-10-22 00:00:00+00:00,22.15,15.45,0.04,2.0,7318.14
2017-10-29 00:00:00+00:00,18.25,15.4,0.04,1.1,7261.83
2017-11-05 00:00:00+00:00,14.4,15.3,0.04,1.4,7316.75
2017-11-12 00:00:00+00:00,11.7,15.05,0.04,1.8,7263.2
2017-11-19 00:00:00+00:00,12.35,14.75,0.04,1.2,7195.28
2017-11-26 00:00:00+00:00,15.5,14.3,0.041,3.3,7127.78
2017-12-03 00:00:00+00:00,10.2,13.9,0.041,1.0,7211.51
2017-12-10 00:00:00+00:00,11.55,13.4,0.041,4.0,7630.66
2017-12-17 00:00:00+00:00,9.45,12.9,0.041,1.3,7943.43
2017-12-24 00:00:00+00:00,11.15,12.35,0.042,0.3,7415.1
2017-12-31 00:00:00+00:00,12.9,11.8,0.042,2.9,7438.16
2018-01-07 00:00:00+00:00,12.5,11.4,0.043,2.9,7108.35
2018-01-14 00:00:00+00:00,9.3,11.05,0.044,1.2,7126.83
2018-01-21 00:00:00+00:00,10.75,10.65,0.046,2.1,7371.88
2018-01-28 00:00:00+00:00,12.75,10.3,0.048,4.9,6988.63
2018-02-04 00:00:00+00:00,11.35,9.95,0.05,0.9,7246.32
2018-02-11 00:00:00+00:00,9.8,9.7,0.052,1.7,7509.98
2018-02-18 00:00:00+00:00,9.55,9.3,0.055,2.2,7144.5
2018-02-25 00:00:00+00:00,8.9,8.9,0.058,0.6,8125.91
2018-03-04 00:00:00+00:00,8.3,8.6,0.06,1.5,9741.77
2018-03-11 00:00:00+00:00,12.4,8.15,0.063,1.1,8078.33
2018-03-18 00:00:00+00:00,11.55,7.8,0.067,1.0,7571.99
2018-03-25 00:00:00+00:00,11.85,7.65,0.07,0.4,7431.72
2018-04-01 00:00:00+00:00,12.25,7.5,0.073,2.3,7271.27
2018-04-08 00:00:00+00:00,16.4,7.4,0.077,2.2,6766.67
2018-04-15 00:00:00+00:00,14.85,7.6,0.081,1.2,7000.26
2018-04-22 00:00:00+00:00,23.6,7.9,0.085,1.0,6903.06
2018-04-29 00:00:00+00:00,15.75,8.3,0.088,1.0,6552.58
2018-05-06 00:00:00+00:00,16.5,8.55,0.09,2.1,7005.69
2018-05-13 00:00:00+00:00,23.65,8.95,0.091,2.9,6577.54
2018-05-20 00:00:00+00:00,20.9,9.35,0.092,0.1,6929.23
2018-05-27 00:00:00+00:00,21.3,9.85,0.093,1.5,7361.68
2018-06-03 00:00:00+00:00,22.05,10.45,0.094,2.2,7209.77
2018-06-10 00:00:00+00:00,18.2,10.7,0.094,0.9,7554.68
2018-06-17 00:00:00+00:00,21.8,11.15,0.078,1.3,8711.87
2018-06-24 00:00:00+00:00,25.45,11.6,0.078,0.2,9096.08
2018-07-01 00:00:00+00:00,23.8,12.1,0.078,0.0,9042.39
2018-07-08 00:00:00+00:00,26.35,12.65,0.078,0.2,8911.54
2018-07-15 00:00:00+00:00,25.6,13.2,0.079,0.4,8986.51
2018-07-22 00:00:00+00:00,28.0,13.75,0.079,0.2,9549.65
2018-07-29 00:00:00+00:00,31.1,14.3,0.079,1.9,9065.67
2018-08-05 00:00:00+00:00,27.3,14.85,0.079,3.2,9229.57
2018-08-12 00:00:00+00:00,30.35,15.3,0.079,4.5,8709.68
2018-08-19 00:00:00+00:00,23.8,15.65,0.079,4.3,8885.49
2018-08-26 00:00:00+00:00,24.6,15.9,0.079,3.1,8443.73
2018-09-02 00:00:00+00:00,20.75,16.1,0.079,1.0,8061.72
2018-09-09 00:00:00+00:00,22.1,16.2,0.079,0.9,8224.67
2018-09-16 00:00:00+00:00,22.0,16.25,0.079,0.3,8246.24
2018-09-23 00:00:00+00:00,23.35,16.3,0.079,3.6,7777.52
2018-09-30 00:00:00+00:00,21.05,16.3,0.079,0.2,7795.13
2018-10-07 00:00:00+00:00,20.65,16.25,0.079,1.8,7630.93
2018-10-14 00:00:00+00:00,23.1,16.15,0.079,0.9,7511.54
2018-10-21 00:00:00+00:00,20.55,16.05,0.079,0.7,7357.83
2018-10-28 00:00:00+00:00,17.85,15.95,0.079,2.9,7338.02
2018-11-04 00:00:00+00:00,12.9,15.8,0.079,1.6,7690.41
2018-11-11 00:00:00+00:00,16.0,15.5,0.079,2.1,7462.25
2018-11-18 00:00:00+00:00,13.85,15.2,0.079,0.0,7264.82
2018-11-25 00:00:00+00:00,9.5,14.9,0.079,1.2,7602.4
2018-12-02 00:00:00+00:00,14.4,14.55,0.079,2.1,7588.7
2018-12-09 00:00:00+00:00,12.9,14.15,0.079,1.6,7566.05
2018-12-16 00:00:00+00:00,8.75,13.8,0.079,3.6,7757.59
2018-12-23 00:00:00+00:00,12.95,13.4,0.08,1.9,7539.75
2018-12-30 00:00:00+00:00,11.55,13.0,0.08,0.2,7341.02
2019-01-06 00:00:00+00:00,10.5,12.55,0.081,0.1,6389.5
2019-01-13 00:00:00+00:00,10.9,12.15,0.082,0.4,6323.21
2019-01-20 00:00:00+00:00,8.75,11.7,0.083,1.0,6453.54
2019-01-27 00:00:00+00:00,10.0,11.25,0.084,2.5,6831.05
2019-02-03 00:00:00+00:00,5.5,10.75,0.084,1.5,7063.11
2019-02-10 00:00:00+00:00,11.35,10.25,0.085,2.3,6818.79
2019-02-17 00:00:00+00:00,12.95,9.85,0.087,0.0,6620.39
2019-02-24 00:00:00+00:00,13.25,9.55,0.088,0.6,6280.53
2019-03-03 00:00:00+00:00,16.4,9.3,0.089,0.6,6084.39
2019-03-10 00:00:00+00:00,12.9,9.2,0.091,2.9,6107.17
2019-03-17 00:00:00+00:00,13.95,9.1,0.092,3.3,5903.79
2019-03-24 00:00:00+00:00,13.45,9.05,0.094,0.7,5903.3
2019-03-31 00:00:00+00:00,14.65,9.0,0.095,0.4,6484.34
2019-04-07 00:00:00+00:00,14.3,9.0,0.096,1.3,5337.11
2019-04-14 00:00:00+00:00,14.95,9.0,0.097,0.5,5429.58
2019-04-21 00:00:00+00:00,17.9,9.05,0.098,0.2,5656.35
2019-04-28 00:00:00+00:00,18.15,9.2,0.099,1.2,5553.16
2019-05-05 00:00:00+00:00,15.85,9.4,0.099,1.0,5814.56
2019-05-12 00:00:00+00:00,15.3,9.55,0.099,3.9,6081.44
2019-05-19 00:00:00+00:00,15.85,9.75,0.1,0.4,6814.96
2019-05-26 00:00:00+00:00,22.8,10.0,0.1,0.7,6726.03
2019-06-02 00:00:00+00:00,26.0,10.4,0.1,2.3,6709.82
2019-06-09 00:00:00+00:00,18.95,10.8,0.1,2.5,6036.56
2019-06-16 00:00:00+00:00,18.95,11.15,0.1,1.6,6622.82
2019-06-23 00:00:00+00:00,20.6,11.5,0.1,4.6,6410.42
2019-06-30 00:00:00+00:00,25.8,11.9,0.1,13.1,7426.06
2019-07-07 00:00:00+00:00,24.75,12.35,0.1,1.0,7546.35
2019-07-14 00:00:00+00:00,25.45,12.8,0.103,0.9,7292.87
2019-07-21 00:00:00+00:00,24.45,13.25,0.1,3.9,7709.74
2019-07-28 00:00:00+00:00,32.75,13.75,0.1,6.7,7469.05
2019-08-04 00:00:00+00:00,24.45,14.2,0.1,0.4,7227.01
2019-08-11 00:00:00+00:00,24.4,14.6,0.1,2.6,6660.49
2019-08-18 00:00:00+00:00,21.75,14.9,0.1,4.3,6981.66
2019-08-25 00:00:00+00:00,27.5,15.1,0.1,2.5,7858.03
2019-09-01 00:00:00+00:00,27.8,15.35,0.1,0.5,7338.61
2019-09-08 00:00:00+00:00,21.55,15.6,0.1,2.5,6496.89
2019-09-15 00:00:00+00:00,25.1,15.75,0.1,1.5,7348.0
2019-09-22 00:00:00+00:00,24.0,15.85,0.1,1.8,6355.69
2019-09-29 00:00:00+00:00,20.15,15.9,0.1,4.2,6371.23
2019-10-06 00:00:00+00:00,18.65,15.95,0.1,5.3,6041.86
2019-10-13 00:00:00+00:00,17.75,15.9,0.1,3.3,6046.78
2019-10-20 00:00:00+00:00,16.85,15.8,0.1,4.3,6061.28
2019-10-27 00:00:00+00:00,17.4,15.6,0.101,2.5,6086.54
2019-11-03 00:00:00+00:00,15.5,15.35,0.101,1.7,6097.79
2019-11-10 00:00:00+00:00,12.6,15.05,0.102,1.7,6226.32
2019-11-17 00:00:00+00:00,9.0,14.7,0.103,2.0,7062.34
2019-11-24 00:00:00+00:00,11.9,14.2,0.105,0.5,7166.35
2019-12-01 00:00:00+00:00,12.75,13.65,0.107,3.4,7411.37
2019-12-08 00:00:00+00:00,12.3,13.2,0.109,1.3,8064.44
2019-12-15 00:00:00+00:00,10.95,12.65,0.112,3.6,8027.37
2019-12-22 00:00:00+00:00,12.75,12.15,0.116,2.8,7769.14
2019-12-29 00:00:00+00:00,11.2,11.7,0.123,1.7,8874.81
2020-01-05 00:00:00+00:00,10.7,11.3,0.128,0.6,7098.67
2020-01-12 00:00:00+00:00,13.4,10.95,0.134,1.0,7060.4
2020-01-19 00:00:00+00:00,13.0,10.6,0.139,2.3,6919.39
2020-01-26 00:00:00+00:00,10.1,10.4,0.144,1.3,6863.16
2020-02-02 00:00:00+00:00,12.7,10.0,0.148,1.9,6816.45
2020-02-09 00:00:00+00:00,12.5,9.65,0.152,1.9,6715.87
2020-02-16 00:00:00+00:00,12.8,9.45,0.156,2.6,6925.72
2020-02-23 00:00:00+00:00,14.45,9.2,0.162,2.5,6969.1
2020-03-01 00:00:00+00:00,11.1,9.05,0.168,1.6,6820.08
2020-03-08 00:00:00+00:00,12.25,8.85,0.173,2.4,7458.12
2020-03-15 00:00:00+00:00,14.3,8.65,0.178,1.5,7433.17
2020-03-22 00:00:00+00:00,13.65,8.55,0.183,0.1,6870.09
2020-03-29 00:00:00+00:00,11.25,8.5,0.187,0.2,5635.4
2020-04-05 00:00:00+00:00,17.7,8.45,0.189,0.3,5066.55
2020-04-12 00:00:00+00:00,22.0,8.45,0.19,0.2,5274.65
2020-04-19 00:00:00+00:00,14.05,8.65,0.191,1.2,5151.72
2020-04-26 00:00:00+00:00,15.75,8.9,0.191,0.0,4831.65
2020-05-03 00:00:00+00:00,17.45,9.1,0.191,3.2,5271.9
2020-05-10 00:00:00+00:00,19.5,9.35,0.191,0.2,5428.64
2020-05-17 00:00:00+00:00,20.2,9.6,0.191,0.1,6002.68
2020-05-24 00:00:00+00:00,25.1,10.0,0.191,0.2,6177.5
2020-05-31 00:00:00+00:00,22.6,10.55,0.191,0.0,6227.72
2020-06-07 00:00:00+00:00,22.9,11.05,0.191,1.0,5447.05
2020-06-14 00:00:00+00:00,22.45,11.45,0.19,1.1,5677.36
2020-06-21 00:00:00+00:00,21.85,11.9,0.19,3.1,6101.7
2020-06-28 00:00:00+00:00,28.2,12.35,0.19,0.8,5778.61
2020-07-05 00:00:00+00:00,21.8,12.8,0.191,1.1,5774.75
2020-07-12 00:00:00+00:00,20.5,13.25,0.191,2.8,5807.85
2020-07-19 00:00:00+00:00,25.15,13.6,0.19,0.8,6332.78
2020-07-26 00:00:00+00:00,24.15,14.0,0.19,3.3,6690.07
2020-08-02 00:00:00+00:00,31.95,14.4,0.19,0.5,6765.55
2020-08-09 00:00:00+00:00,33.0,14.8,0.19,0.3,6825.43
2020-08-16 00:00:00+00:00,27.5,15.35,0.19,8.2,6256.75
2020-08-23 00:00:00+00:00,25.1,15.8,0.189,3.5,5836.2
2020-08-30 00:00:00+00:00,22.05,16.1,0.189,3.6,5496.28
2020-09-06 00:00:00+00:00,23.0,16.25,0.189,0.8,5508.01
2020-09-13 00:00:00+00:00,24.1,16.3,0.189,0.0,5747.22
2020-09-20 00:00:00+00:00,26.3,16.4,0.189,0.0,5762.64
2020-09-27 00:00:00+00:00,23.95,16.5,0.189,2.6,6123.97
2020-10-04 00:00:00+00:00,18.4,16.5,0.189,3.7,5818.52
2020-10-11 00:00:00+00:00,17.55,16.45,0.189,3.5,5285.18
2020-10-18 00:00:00+00:00,13.85,16.25,0.189,1.6,5117.91
2020-10-25 00:00:00+00:00,17.85,15.95,0.189,5.5,5020.03
2020-11-01 00:00:00+00:00,17.2,15.65,0.189,3.2,5022.07
2020-11-08 00:00:00+00:00,17.35,15.3,0.189,1.4,5012.66
2020-11-15 00:00:00+00:00,16.5,15.0,0.189,3.7,5013.7
2020-11-22 00:00:00+00:00,15.25,14.65,0.189,0.9,5304.97
2020-11-29 00:00:00+00:00,13.2,14.3,0.189,0.0,5430.53
2020-12-06 00:00:00+00:00,9.75,13.9,0.19,3.3,5915.12
2020-12-13 00:00:00+00:00,11.6,13.45,0.191,2.8,6061.63
2020-12-20 00:00:00+00:00,12.25,12.8,0.192,0.9,6198.17
2020-12-27 00:00:00+00:00,13.55,12.3,0.195,2.4,6153.0
2021-01-03 00:00:00+00:00,5.4,11.9,0.198,1.2,7509.55
2021-01-10 00:00:00+00:00,5.35,11.35,0.202,0.8,7528.36
2021-01-17 00:00:00+00:00,8.7,10.7,0.208,3.1,7936.37
2021-01-24 00:00:00+00:00,11.25,10.0,0.215,1.1,7405.36
2021-01-31 00:00:00+00:00,12.1,9.5,0.224,3.5,8236.29
2021-02-07 00:00:00+00:00,12.15,9.05,0.235,1.2,8222.16
2021-02-14 00:00:00+00:00,3.65,8.75,0.243,0.6,8560.0
2021-02-21 00:00:00+00:00,14.1,8.35,0.251,0.9,7269.46
2021-02-28 00:00:00+00:00,14.9,8.05,0.256,0.5,7289.92
2021-03-07 00:00:00+00:00,9.15,8.0,0.259,0.6,7234.43
2021-03-14 00:00:00+00:00,11.55,7.9,0.262,1.4,6755.78
2021-03-21 00:00:00+00:00,12.2,7.75,0.263,0.9,6637.12
2021-03-28 00:00:00+00:00,12.8,7.7,0.264,1.1,6650.63
2021-04-04 00:00:00+00:00,20.95,7.75,0.264,0.1,5916.68
2021-04-11 00:00:00+00:00,12.3,7.75,0.265,0.9,5769.3
2021-04-18 00:00:00+00:00,11.7,7.75,0.265,0.3,5986.05
2021-04-25 00:00:00+00:00,11.9,7.75,0.265,0.0,6540.7
2021-05-02 00:00:00+00:00,11.6,7.85,0.265,0.3,5834.16
2021-05-09 00:00:00+00:00,18.35,8.0,0.264,2.0,5168.57
2021-05-16 00:00:00+00:00,16.15,8.25,0.266,2.0,5283.35
2021-05-23 00:00:00+00:00,16.1,8.55,0.265,2.3,5056.5
2021-05-30 00:00:00+00:00,16.9,8.85,0.265,1.3,5558.39
2021-06-06 00:00:00+00:00,24.55,9.25,0.265,3.8,5681.05
2021-06-13 00:00:00+00:00,24.25,9.85,0.264,0.2,6481.91
2021-06-20 00:00:00+00:00,27.35,10.6,0.263,4.7,5710.55
2021-06-27 00:00:00+00:00,19.95,11.1,0.263,4.2,5853.73
2021-07-04 00:00:00+00:00,21.15,11.6,0.262,5.9,6724.55
2021-07-11 00:00:00+00:00,21.5,12.05,0.262,2.1,6795.4
2021-07-18 00:00:00+00:00,26.3,12.55,0.262,2.2,7335.7
2021-07-25 00:00:00+00:00,23.95,13.1,0.261,1.2,6790.22
2021-08-01 00:00:00+00:00,22.15,13.65,0.261,1.8,6550.77
2021-08-08 00:00:00+00:00,21.2,14.05,0.261,3.2,6459.1
2021-08-15 00:00:00+00:00,23.45,14.4,0.26,2.8,7011.47
2021-08-22 00:00:00+00:00,22.4,14.7,0.26,3.4,8417.16
2021-08-29 00:00:00+00:00,19.9,14.95,0.259,0.5,8376.62
2021-09-05 00:00:00+00:00,20.25,15.15,0.259,0.4,8873.9
2021-09-12 00:00:00+00:00,24.1,15.4,0.259,0.6,8629.61
2021-09-19 00:00:00+00:00,22.75,15.65,0.258,2.9,8377.5
2021-09-26 00:00:00+00:00,22.35,15.85,0.258,0.5,7809.86
2021-10-03 00:00:00+00:00,17.7,15.9,0.257,4.1,8039.2
2021-10-10 00:00:00+00:00,18.7,15.9,0.257,9.9,8274.22
2021-10-17 00:00:00+00:00,16.5,15.8,0.257,1.4,8218.06
2021-10-24 00:00:00+00:00,20.3,15.6,0.257,9.1,7701.53
2021-10-31 00:00:00+00:00,16.9,15.4,0.256,2.3,7621.98
2021-11-07 00:00:00+00:00,12.7,15.15,0.256,2.1,6284.06
2021-11-14 00:00:00+00:00,14.95,14.75,0.257,0.9,6273.5
2021-11-21 00:00:00+00:00,12.85,14.35,0.257,0.2,6074.38
2021-11-28 00:00:00+00:00,10.1,14.0,0.257,1.0,6314.27
2021-12-05 00:00:00+00:00,11.1,13.55,0.257,1.6,6686.41
2021-12-12 00:00:00+00:00,13.1,12.9,0.258,4.5,6232.57
2021-12-19 00:00:00+00:00,13.05,12.25,0.258,0.1,6204.07
2021-12-26 00:00:00+00:00,10.65,11.8,0.259,2.4,5992.89
2022-01-02 00:00:00+00:00,14.75,11.35,0.262,2.6,6169.31
2022-01-09 00:00:00+00:00,10.2,11.05,0.265,2.8,6146.17
2022-01-16 00:00:00+00:00,9.2,10.75,0.269,1.8,6081.64
2022-01-23 00:00:00+00:00,8.75,10.3,0.272,0.0,6048.61
2022-01-30 00:00:00+00:00,12.85,9.7,0.275,0.4,6068.25
2022-02-06 00:00:00+00:00,13.05,9.2,0.277,2.6,5770.31
2022-02-13 00:00:00+00:00,12.35,8.85,0.279,1.0,6117.11
2022-02-20 00:00:00+00:00,14.9,8.65,0.281,2.3,6142.51
2022-02-27 00:00:00+00:00,13.8,8.5,0.283,2.3,6300.3
2022-03-06 00:00:00+00:00,12.15,8.35,0.285,1.0,6035.9
2022-03-13 00:00:00+00:00,13.75,8.2,0.288,1.7,5739.77
2022-03-20 00:00:00+00:00,13.05,8.1,0.289,1.7,6199.82
2022-03-27 00:00:00+00:00,15.5,8.15,0.291,0.0,5795.76
2022-04-03 00:00:00+00:00,11.65,8.2,0.292,0.7,4489.08
2022-04-10 00:00:00+00:00,14.75,8.2,0.292,3.1,4330.95
2022-04-17 00:00:00+00:00,18.45,8.35,0.292,0.3,3514.18
2022-04-24 00:00:00+00:00,15.5,8.6,0.292,0.2,3371.4
2022-05-01 00:00:00+00:00,15.85,8.85,0.292,1.1,3827.9
2022-05-08 00:00:00+00:00,22.0,9.15,0.292,1.0,4230.27
2022-05-15 00:00:00+00:00,20.85,9.5,0.291,1.9,4098.61
2022-05-22 00:00:00+00:00,21.5,10.0,0.291,4.9,4218.76
2022-05-29 00:00:00+00:00,20.55,10.45,0.29,1.0,4407.89
2022-06-05 00:00:00+00:00,17.75,10.8,0.29,5.8,4050.74
2022-06-12 00:00:00+00:00,21.45,11.2,0.289,3.9,3854.56
2022-06-19 00:00:00+00:00,30.25,11.7,0.288,4.4,4096.94
2022-06-26 00:00:00+00:00,23.0,12.2,0.287,0.4,4587.11
2022-07-03 00:00:00+00:00,21.9,12.7,0.286,2.9,4119.01
2022-07-10 00:00:00+00:00,27.05,13.15,0.285,0.1,3942.57
2022-07-17 00:00:00+00:00,28.8,13.75,0.284,0.8,4357.53
2022-07-24 00:00:00+00:00,34.55,14.45,0.283,1.5,3418.34
2022-07-31 00:00:00+00:00,26.35,15.05,0.281,1.7,3743.49
2022-08-07 00:00:00+00:00,28.35,15.6,0.28,0.9,3264.75
2022-08-14 00:00:00+00:00,29.2,16.1,0.279,0.0,3982.96
2022-08-21 00:00:00+00:00,28.7,16.6,0.277,0.6,3879.01
2022-08-28 00:00:00+00:00,26.65,17.0,0.276,3.4,4475.71
2022-09-04 00:00:00+00:00,23.9,17.25,0.275,0.3,4388.81
2022-09-11 00:00:00+00:00,23.35,17.45,0.274,4.8,4115.8
2022-09-18 00:00:00+00:00,24.65,17.55,0.273,1.9,4692.59
2022-09-25 00:00:00+00:00,18.85,17.55,0.273,0.2,4359.91
2022-10-02 00:00:00+00:00,18.8,17.45,0.272,1.5,5054.79
2022-10-09 00:00:00+00:00,19.9,17.3,0.271,0.6,5433.49
2022-10-16 00:00:00+00:00,17.1,17.05,0.271,3.1,5480.23
2022-10-23 00:00:00+00:00,18.25,16.85,0.27,4.4,4906.55
2022-10-30 00:00:00+00:00,21.2,16.7,0.269,2.4,4825.57
2022-11-06 00:00:00+00:00,16.55,16.55,0.268,6.5,4769.56
2022-11-13 00:00:00+00:00,15.65,16.35,0.268,2.0,5114.84
2022-11-20 00:00:00+00:00,14.55,16.0,0.268,4.6,4735.73
2022-11-27 00:00:00+00:00,12.7,15.65,0.268,2.2,5271.28
2022-12-04 00:00:00+00:00,10.75,15.1,0.268,0.3,4693.22
2022-12-11 00:00:00+00:00,9.0,14.5,0.269,3.0,5648.51
2022-12-18 00:00:00+00:00,7.65,13.8,0.269,2.0,6597.81
2022-12-25 00:00:00+00:00,13.25,12.8,0.271,1.5,5823.27
2023-01-01 00:00:00+00:00,13.4,12.0,0.273,2.8,5824.67
2023-01-08 00:00:00+00:00,13.3,11.5,0.277,1.2,5628.48
2023-01-15 00:00:00+00:00,12.4,11.2,0.281,1.9,5387.64
2023-01-22 00:00:00+00:00,6.45,10.95,0.287,4.2,5700.27
2023-01-29 00:00:00+00:00,7.7,10.45,0.292,0.9,5377.65
2023-02-05 00:00:00+00:00,12.5,9.75,0.295,0.1,5249.78
2023-02-12 00:00:00+00:00,10.65,9.3,0.297,0.1,4885.19
2023-02-19 00:00:00+00:00,13.35,8.9,0.299,1.4,4211.77
2023-02-26 00:00:00+00:00,12.45,8.6,0.301,0.7,4179.81
2023-03-05 00:00:00+00:00,7.3,8.45,0.302,0.6,3968.91
2023-03-12 00:00:00+00:00,12.8,8.25,0.303,2.4,3449.14
2023-03-19 00:00:00+00:00,13.85,7.95,0.304,1.2,2793.52
2023-03-26 00:00:00+00:00,14.0,7.9,0.305,1.6,3228.18
2023-04-02 00:00:00+00:00,14.55,7.95,0.307,2.5,2756.64
2023-04-09 00:00:00+00:00,13.5,8.05,0.308,2.9,2651.57
2023-04-16 00:00:00+00:00,14.3,8.15,0.31,2.6,3015.34
2023-04-23 00:00:00+00:00,13.6,8.3,0.311,1.6,3289.41
2023-04-30 00:00:00+00:00,16.35,8.45,0.312,4.3,3218.33
2023-05-07 00:00:00+00:00,19.2,8.65,0.313,3.0,3453.57
2023-05-14 00:00:00+00:00,18.15,9.05,0.313,4.7,3507.47
2023-05-21 00:00:00+00:00,17.4,9.45,0.313,0.6,3552.09
2023-05-28 00:00:00+00:00,19.4,9.8,0.313,0.1,3408.41
2023-06-04 00:00:00+00:00,18.05,10.2,0.312,0.1,2818.22
2023-06-11 00:00:00+00:00,23.2,10.65,0.311,0.1,2970.45
2023-06-18 00:00:00+00:00,24.45,11.25,0.311,7.3,3269.39
2023-06-25 00:00:00+00:00,29.6,11.95,0.31,0.7,3523.99
2023-07-02 00:00:00+00:00,23.3,12.65,0.343,3.8,3444.81
2023-07-09 00:00:00+00:00,26.2,13.2,0.342,4.0,3432.12
2023-07-16 00:00:00+00:00,23.3,13.75,0.34,1.7,3790.77
2023-07-23 00:00:00+00:00,23.0,14.2,0.339,1.8,3804.5
2023-07-30 00:00:00+00:00,22.45,14.6,0.337,4.2,3997.7
2023-08-06 00:00:00+00:00,21.85,14.95,0.336,5.4,3805.19
2023-08-13 00:00:00+00:00,24.1,15.2,0.335,2.3,4344.71
2023-08-20 00:00:00+00:00,23.75,15.5,0.333,4.3,4107.78
2023-08-27 00:00:00+00:00,25.2,15.85,0.332,1.8,3983.73
2023-09-03 00:00:00+00:00,21.1,16.1,0.33,0.3,4382.78
2023-09-10 00:00:00+00:00,30.55,16.35,0.329,0.0,4809.23
2023-09-17 00:00:00+00:00,25.95,16.7,0.327,8.9,4406.72
2023-09-24 00:00:00+00:00,20.85,16.9,0.326,2.9,4308.2
2023-10-01 00:00:00+00:00,22.8,16.95,0.325,1.6,4147.31
2023-10-08 00:00:00+00:00,23.2,16.95,0.324,0.1,4422.24
2023-10-15 00:00:00+00:00,23.65,17.0,0.323,4.2,3732.77
2023-10-22 00:00:00+00:00,17.9,17.0,0.322,2.8,3528.89
2023-10-29 00:00:00+00:00,15.2,16.75,0.321,4.2,3717.49
2023-11-05 00:00:00+00:00,14.4,16.45,0.321,3.6,3836.54
2023-11-12 00:00:00+00:00,13.1,16.05,0.322,1.1,3971.03
2023-11-19 00:00:00+00:00,15.1,15.5,0.323,4.5,3825.71
2023-11-26 00:00:00+00:00,12.4,14.9,0.325,2.5,4394.38
2023-12-03 00:00:00+00:00,9.6,14.4,0.328,1.8,5186.55
2023-12-10 00:00:00+00:00,13.5,13.7,0.332,2.6,4981.12
2023-12-17 00:00:00+00:00,11.35,12.85,0.336,3.2,4984.04
2023-12-24 00:00:00+00:00,13.2,12.25,0.339,3.5,4836.93
2023-12-31 00:00:00+00:00,12.95,11.85,0.343,3.6,4618.9
2024-01-07 00:00:00+00:00,12.85,11.6,0.35,6.0,4619.31
2024-01-14 00:00:00+00:00,6.9,11.35,0.355,0.4,4248.93
2024-01-21 00:00:00+00:00,11.45,10.85,0.358,0.3,4262.92
2024-01-28 00:00:00+00:00,12.65,10.15,0.36,1.2,3513.21
2024-02-04 00:00:00+00:00,13.15,9.65,0.361,0.2,3461.64
2024-02-11 00:00:00+00:00,12.8,9.35,0.363,5.2,3415.73
2024-02-18 00:00:00+00:00,15.35,9.25,0.368,2.7,3164.45
2024-02-25 00:00:00+00:00,12.85,9.25,0.374,2.2,4067.54
2024-03-03 00:00:00+00:00,12.05,9.2,0.379,2.4,3773.17
2024-03-10 00:00:00+00:00,10.35,9.05,0.384,0.8,3326.34
2024-03-17 00:00:00+00:00,15.6,8.85,0.389,2.0,2917.72
2024-03-24 00:00:00+00:00,13.8,8.95,0.391,0.9,2969.73
2024-03-31 00:00:00+00:00,12.55,9.0,0.391,1.8,3050.31
2024-04-07 00:00:00+00:00,19.2,9.1,0.391,2.6,3175.01
2024-04-14 00:00:00+00:00,19.1,9.4,0.391,1.6,3400.34
2024-04-21 00:00:00+00:00,12.85,9.6,0.391,1.0,3369.61
2024-04-28 00:00:00+00:00,12.4,9.6,0.389,3.5,3266.53
2024-05-05 00:00:00+00:00,20.05,9.7,0.388,3.6,3311.53
2024-05-12 00:00:00+00:00,18.0,9.95,0.386,3.1,3467.84
2024-05-19 00:00:00+00:00,19.25,10.4,0.385,4.0,3526.08
2024-05-26 00:00:00+00:00,18.75,10.85,0.383,2.5,3502.06
2024-06-02 00:00:00+00:00,18.95,11.25,0.381,1.3,3833.89
2024-06-09 00:00:00+00:00,19.9,11.6,0.379,0.6,3932.75
2024-06-16 00:00:00+00:00,19.65,11.9,0.377,1.4,3599.06
2024-06-23 00:00:00+00:00,22.0,12.2,0.374,0.5,3871.19
2024-06-30 00:00:00+00:00,25.15,12.7,0.371,0.4,4255.0
2024-07-07 00:00:00+00:00,21.0,13.2,0.368,4.2,3955.94
2024-07-14 00:00:00+00:00,21.2,13.6,0.365,2.9,4201.3
2024-07-21 00:00:00+00:00,25.8,13.95,0.362,1.9,4802.01
2024-07-28 00:00:00+00:00,23.05,14.45,0.36,2.3,5024.33
2024-08-04 00:00:00+00:00,25.6,14.9,0.357,4.2,4798.49
2024-08-11 00:00:00+00:00,25.1,15.4,0.354,1.3,5458.43
2024-08-18 00:00:00+00:00,31.25,15.9,0.351,1.5,5882.12
2024-08-25 00:00:00+00:00,23.25,16.35,0.348,4.9,5370.64
2024-09-01 00:00:00+00:00,25.75,16.6,0.346,2.5,6064.63
2024-09-08 00:00:00+00:00,23.8,16.85,0.344,5.2,5821.06
2024-09-15 00:00:00+00:00,19.45,16.9,0.342,1.2,6020.57
2024-09-22 00:00:00+00:00,20.4,16.85,0.34,12.3,5200.19
2024-09-29 00:00:00+00:00,19.6,16.85,0.338,3.8,4773.47
2024-10-06 00:00:00+00:00,16.95,16.8,0.336,7.9,5021.49
2024-10-13 00:00:00+00:00,18.05,16.6,0.335,2.6,5423.89
2024-10-20 00:00:00+00:00,21.0,16.35,0.335,4.6,5252.88
2024-10-27 00:00:00+00:00,17.75,16.05,0.334,1.1,5515.23
2024-11-03 00:00:00+00:00,15.55,15.8,0.334,4.4,5161.88
2024-11-10 00:00:00+00:00,12.9,15.55,0.334,0.1,5672.64
2024-11-17 00:00:00+00:00,11.95,15.25,0.334,1.1,5311.06
2024-11-24 00:00:00+00:00,17.65,14.75,0.302,2.9,5829.43
2024-12-01 00:00:00+00:00,13.2,14.15,0.302,4.0,5670.78
2024-12-08 00:00:00+00:00,14.1,13.6,0.302,1.8,5927.01
2024-12-15 00:00:00+00:00,11.3,13.1,0.302,1.1,6575.78
2024-12-22 00:00:00+00:00,13.85,12.6,0.302,1.4,6074.02
2024-12-29 00:00:00+00:00,11.95,12.15,0.302,0.1,6027.42
2025-01-05 00:00:00+00:00,12.3,11.75,0.302,4.5,5978.45
2025-01-12 00:00:00+00:00,12.0,11.3,0.304,0.6,6619.37
2025-01-19 00:00:00+00:00,9.6,10.75,0.305,0.0,5836.18
2025-01-26 00:00:00+00:00,11.2,10.05,0.306,2.4,5631.29
2025-02-02 00:00:00+00:00,10.0,9.5,0.306,1.7,5512.46
2025-02-09 00:00:00+00:00,9.85,9.1,0.306,0.7,5496.01
2025-02-16 00:00:00+00:00,6.55,8.7,0.307,0.7,5248.29
2025-02-23 00:00:00+00:00,14.5,8.35,0.307,1.6,5357.29
2025-03-02 00:00:00+00:00,12.55,8.05,0.308,3.5,5013.85
2025-03-09 00:00:00+00:00,15.25,7.9,0.31,0.0,4566.26
2025-03-16 00:00:00+00:00,12.1,7.7,0.312,1.2,3956.95
2025-03-23 00:00:00+00:00,15.05,7.65,0.312,0.7,3495.83
2025-03-30 00:00:00+00:00,15.35,7.7,0.316,0.5,4178.17
2025-04-06 00:00:00+00:00,14.65,7.9,0.334,0.0,4030.09
2025-04-13 00:00:00+00:00,17.4,8.05,0.337,0.3,3911.68
2025-04-20 00:00:00+00:00,14.8,8.3,0.337,1.6,3986.02
2025-04-27 00:00:00+00:00,16.15,8.6,0.336,2.3,4447.99
2025-05-04 00:00:00+00:00,18.3,8.9,0.336,0.3,4540.59
2025-05-11 00:00:00+00:00,17.25,9.25,0.334,0.3,4558.87
2025-05-18 00:00:00+00:00,19.55,9.6,0.333,1.7,5101.18
2025-05-25 00:00:00+00:00,20.85,10.0,0.33,1.2,5213.85
2025-06-01 00:00:00+00:00,23.95,10.35,0.327,1.5,4789.67
2025-06-08 00:00:00+00:00,19.45,10.85,0.323,3.5,4282.53
2025-06-15 00:00:00+00:00,24.45,11.2,0.32,7.5,5123.56
2025-06-22 00:00:00+00:00,29.35,11.75,0.315,0.0,5357.15
2025-06-29 00:00:00+00:00,29.3,12.4,0.308,1.6,5805.43
2025-07-06 00:00:00+00:00,31.7,13.05,0.303,6.7,5653.66
2025-07-13 00:00:00+00:00,24.95,13.65,0.299,1.2,5524.46
2025-07-20 00:00:00+00:00,26.3,14.2,0.294,6.7,5095.72
2025-07-27 00:00:00+00:00,24.2,14.7,0.291,6.8,4851.39
2025-08-03 00:00:00+00:00,23.3,15.05,0.29,1.0,5065.95
2025-08-10 00:00:00+00:00,25.15,15.35,0.288,0.9,5357.53
2025-08-17 00:00:00+00:00,28.1,15.7,0.285,0.6,4721.28
2025-08-24 00:00:00+00:00,22.1,16.05,0.283,0.2,5192.91
2025-08-31 00:00:00+00:00,24.4,16.3,0.281,2.3,4463.68
2025-09-07 00:00:00+00:00,26.05,16.5,0.28,3.2,4366.2
2025-09-14 00:00:00+00:00,20.5,16.6,0.279,4.7,4223.28
2025-09-21 00:00:00+00:00,25.65,16.65,0.278,1.9,3995.27
2025-09-28 00:00:00+00:00,17.7,16.65,0.277,0.5,4421.19
2025-10-05 00:00:00+00:00,19.75,16.6,0.276,3.7,4640.47
2025-10-12 00:00:00+00:00,18.4,16.5,0.275,0.1,4482.67
2025-10-19 00:00:00+00:00,15.9,16.35,0.274,0.3,4302.98
2025-10-26 00:00:00+00:00,15.9,16.2,0.273,7.3,4045.4
2025-11-02 00:00:00+00:00,16.05,15.95,0.273,3.5,4090.76
2025-11-09 00:00:00+00:00,16.8,15.6,0.273,0.8,4128.74
2025-11-16 00:00:00+00:00,16.65,15.35,0.273,2.1,4225.44
2025-11-23 00:00:00+00:00,10.2,15.05,0.273,1.7,4824.63
2025-11-30 00:00:00+00:00,13.15,14.6,0.274,1.1,4883.29
2025-12-07 00:00:00+00:00,13.75,14.0,0.275,2.0,4985.23
2025-12-14 00:00:00+00:00,14.15,13.4,0.276,1.1,5088.82
2025-12-21 00:00:00+00:00,12.45,13.0,0.277,3.3,4295.36
2025-12-28 00:00:00+00:00,10.15,12.6,0.279,0.1,5336.64
2026-01-04 00:00:00+00:00,6.5,12.15,0.281,0.2,6225.23
2026-01-11 00:00:00+00:00,8.4,11.6,0.283,3.9,6098.52
2026-01-18 00:00:00+00:00,10.45,10.85,0.287,1.7,5967.35
2026-01-25 00:00:00+00:00,10.25,10.25,0.292,4.3,5554.46
2026-02-01 00:00:00+00:00,9.9,9.9,0.299,2.9,4962.48
2026-02-08 00:00:00+00:00,11.15,9.6,0.309,2.5,4840.18
2026-02-15 00:00:00+00:00,12.25,9.3,0.319,2.6,4119.6
2026-02-22 00:00:00+00:00,13.8,9.1,0.327,1.4,3748.1
