date,temperature_2m_max,temperature_2m_min,soil_temperature_100_to_255cm_max,soil_temperature_100_to_255cm_min,soil_moisture_100_to_255cm_max,soil_moisture_100_to_255cm_min,precipitation_max,precipitation_min,water_leakage
2001-12-30 00:00:00+00:00,8.726,-0.424,11.526,10.876,0.365,0.363,1.1,0.0,6825.71
2002-01-06 00:00:00+00:00,6.676,-0.824,10.876,10.176,0.365,0.364,0.2,0.0,7377.76
2002-01-13 00:00:00+00:00,9.176,2.626,10.176,9.576,0.365,0.365,0.6,0.0,6842.04
2002-01-20 00:00:00+00:00,11.526,2.076,9.576,9.226,0.366,0.365,1.0,0.0,6143.7
2002-01-27 00:00:00+00:00,12.676,3.826,9.176,8.976,0.368,0.366,1.8,0.0,5903.38
2002-02-03 00:00:00+00:00,12.526,6.376,8.976,8.926,0.374,0.369,2.3,0.0,5727.11
2002-02-10 00:00:00+00:00,11.526,3.426,8.926,8.926,0.38,0.374,2.5,0.0,6745.02
2002-02-17 00:00:00+00:00,12.376,1.926,8.926,8.876,0.384,0.38,0.5,0.0,7030.34
2002-02-24 00:00:00+00:00,11.826,2.326,8.876,8.726,0.386,0.384,1.5,0.0,7014.64
2002-03-03 00:00:00+00:00,11.426,1.576,8.726,8.576,0.389,0.386,1.9,0.0,7202.31
2002-03-10 00:00:00+00:00,12.726,3.776,8.576,8.426,0.389,0.389,0.3,0.0,7002.17
2002-03-17 00:00:00+00:00,12.576,4.576,8.426,8.376,0.389,0.389,1.9,0.0,7028.73
2002-03-24 00:00:00+00:00,13.226,5.626,8.376,8.326,0.391,0.389,2.2,0.0,6517.72
2002-03-31 00:00:00+00:00,14.326,4.926,8.426,8.376,0.391,0.391,0.2,0.0,7577.32
2002-04-07 00:00:00+00:00,13.776,6.326,8.526,8.426,0.391,0.39,0.0,0.0,7470.86
2002-04-14 00:00:00+00:00,10.326,3.826,8.626,8.526,0.39,0.389,0.2,0.0,7555.42
2002-04-21 00:00:00+00:00,15.576,4.926,8.676,8.626,0.389,0.387,0.7,0.0,7734.59
2002-04-28 00:00:00+00:00,19.075998,7.376,8.926,8.676,0.387,0.384,1.6,0.0,7381.54
2002-05-05 00:00:00+00:00,13.776,5.726,9.176,8.926,0.384,0.382,1.4,0.0,7287.86
2002-05-12 00:00:00+00:00,14.976,7.876,9.376,9.176,0.382,0.38,0.6,0.0,7658.43
2002-05-19 00:00:00+00:00,17.175999,9.376,9.676,9.376,0.38,0.378,2.2,0.0,7654.99
2002-05-26 00:00:00+00:00,17.126,9.776,10.026,9.676,0.378,0.375,2.3,0.0,7793.51
2002-06-02 00:00:00+00:00,19.175999,8.326,10.376,10.026,0.375,0.373,2.1,0.0,7911.33
2002-06-09 00:00:00+00:00,18.226,10.826,10.726,10.376,0.373,0.371,3.4,0.0,7807.24
2002-06-16 00:00:00+00:00,20.626,11.076,11.076,10.726,0.371,0.369,1.5,0.0,8107.52
2002-06-23 00:00:00+00:00,23.876,12.376,11.526,11.076,0.369,0.368,1.7,0.0,8695.88
2002-06-30 00:00:00+00:00,21.126,10.476,11.976,11.526,0.368,0.366,0.8,0.0,7950.39
2002-07-07 00:00:00+00:00,18.575998,11.676,12.376,12.026,0.366,0.364,2.4,0.0,7805.63
2002-07-14 00:00:00+00:00,20.226,11.826,12.676,12.376,0.364,0.362,1.0,0.0,8417.2
2002-07-21 00:00:00+00:00,20.325998,12.076,13.076,12.676,0.362,0.36,1.0,0.0,8703.9
2002-07-28 00:00:00+00:00,24.626,12.326,13.476,13.076,0.36,0.358,0.3,0.0,8646.96
2002-08-04 00:00:00+00:00,22.726,13.926,13.976,13.476,0.358,0.356,1.3,0.0,7712.99
2002-08-11 00:00:00+00:00,22.325998,13.476,14.426,13.976,0.356,0.354,1.6,0.0,8146.28
2002-08-18 00:00:00+00:00,25.175999,14.326,14.826,14.426,0.354,0.353,0.7,0.0,7840.79
2002-08-25 00:00:00+00:00,22.776,13.526,15.276,14.826,0.352,0.351,0.3,0.0,7970.81
2002-09-01 00:00:00+00:00,22.276,13.376,15.626,15.276,0.351,0.349,0.2,0.0,8341.12
2002-09-08 00:00:00+00:00,21.376,13.826,15.876,15.626,0.349,0.347,1.1,0.0,7538.89
2002-09-15 00:00:00+00:00,19.726,12.726,16.075998,15.876,0.347,0.345,2.9,0.0,7658.94
2002-09-22 00:00:00+00:00,17.776,12.226,16.175999,16.075998,0.345,0.344,0.0,0.0,7578.14
2002-09-29 00:00:00+00:00,17.976,10.626,16.175999,16.126,0.344,0.342,1.1,0.0,7976.94
2002-10-06 00:00:00+00:00,19.325998,10.926,16.126,16.075998,0.342,0.341,0.4,0.0,8233.15
2002-10-13 00:00:00+00:00,14.726,7.676,16.075998,15.976,0.341,0.339,2.3,0.0,8375.76
2002-10-20 00:00:00+00:00,14.726,4.376,15.976,15.676,0.339,0.338,1.9,0.0,8143.21
2002-10-27 00:00:00+00:00,15.726,5.526,15.676,15.326,0.338,0.337,2.4,0.0,7763.02
2002-11-03 00:00:00+00:00,15.526,7.926,15.326,14.976,0.337,0.336,2.6,0.0,8808.73
2002-11-10 00:00:00+00:00,14.026,6.626,14.976,14.676,0.336,0.336,3.4,0.0,7928.69
2002-11-17 00:00:00+00:00,12.576,7.176,14.676,14.276,0.336,0.336,2.2,0.0,8067.78
2002-11-24 00:00:00+00:00,11.826,5.626,14.276,13.876,0.338,0.336,1.0,0.0,8666.96
2002-12-01 00:00:00+00:00,12.076,6.376,13.876,13.476,0.339,0.338,2.0,0.0,8464.23
2002-12-08 00:00:00+00:00,10.076,4.176,13.476,13.026,0.341,0.339,1.8,0.0,8125.75
2002-12-15 00:00:00+00:00,8.976,1.326,13.026,12.426,0.344,0.341,1.0,0.0,7778.24
2002-12-22 00:00:00+00:00,11.126,3.126,12.426,11.876,0.349,0.344,2.7,0.0,8595.61
2002-12-29 00:00:00+00:00,12.426,6.426,11.876,11.476,0.36,0.349,2.4,0.0,8694.26
2003-01-05 00:00:00+00:00,11.876,0.376,11.476,11.126,0.382,0.36,3.6,0.0,9007.02
2003-01-12 00:00:00+00:00,5.476,-1.0239999,11.126,10.576,0.388,0.382,0.4,0.0,8347.08
2003-01-19 00:00:00+00:00,9.576,3.976,10.576,9.976,0.39,0.388,1.9,0.0,9666.0
2003-01-26 00:00:00+00:00,12.076,2.526,9.976,9.626,0.394,0.39,1.4,0.0,9297.04
2003-02-02 00:00:00+00:00,11.326,-0.67399997,9.626,9.276,0.396,0.395,1.2,0.0,9859.37
2003-02-09 00:00:00+00:00,9.876,-0.174,9.276,8.826,0.397,0.396,1.1,0.0,9450.82
2003-02-16 00:00:00+00:00,6.776,0.426,8.826,8.476,0.398,0.397,0.4,0.0,9826.37
2003-02-23 00:00:00+00:00,10.576,0.026,8.476,8.026,0.398,0.398,0.0,0.0,9913.42
2003-03-02 00:00:00+00:00,11.926,4.826,8.026,7.776,0.398,0.397,1.5,0.0,9291.96
2003-03-09 00:00:00+00:00,12.276,1.926,7.776,7.676,0.397,0.396,1.8,0.0,8680.77
2003-03-16 00:00:00+00:00,11.476,4.326,7.676,7.676,0.396,0.395,0.2,0.0,8765.25
2003-03-23 00:00:00+00:00,12.576,2.226,7.676,7.626,0.395,0.393,0.0,0.0,8982.13
2003-03-30 00:00:00+00:00,14.376,5.526,7.676,7.626,0.393,0.391,0.0,0.0,8560.53
2003-04-06 00:00:00+00:00,13.876,4.476,7.776,7.676,0.391,0.389,1.4,0.0,8600.42
2003-04-13 00:00:00+00:00,11.676,2.476,7.826,7.776,0.389,0.387,0.4,0.0,9056.22
2003-04-20 00:00:00+00:00,14.926,6.776,7.926,7.826,0.387,0.384,1.2,0.0,8991.43
2003-04-27 00:00:00+00:00,15.376,6.826,8.176,7.926,0.384,0.382,2.3,0.0,8489.0
2003-05-04 00:00:00+00:00,19.675999,8.776,8.476,8.176,0.382,0.379,1.2,0.0,9173.28
2003-05-11 00:00:00+00:00,15.976,8.176,8.876,8.476,0.379,0.376,0.8,0.0,8977.41
2003-05-18 00:00:00+00:00,15.476,5.626,9.226,8.876,0.376,0.374,1.6,0.0,8838.59
2003-05-25 00:00:00+00:00,17.026,9.026,9.526,9.226,0.374,0.371,0.7,0.0,9492.34
2003-06-01 00:00:00+00:00,20.075998,9.526,9.926,9.526,0.371,0.368,1.0,0.0,9128.03
2003-06-08 00:00:00+00:00,20.175999,11.276,10.476,9.926,0.368,0.366,2.5,0.0,9858.26
2003-06-15 00:00:00+00:00,21.126,11.526,11.026,10.476,0.366,0.363,0.5,0.0,9908.43
2003-06-22 00:00:00+00:00,23.425999,11.826,11.576,11.026,0.363,0.36,2.8,0.0,10571.6
2003-06-29 00:00:00+00:00,21.276,13.476,12.176,11.576,0.36,0.358,2.8,0.0,8909.66
2003-07-06 00:00:00+00:00,19.175999,13.226,12.676,12.176,0.358,0.356,2.3,0.0,10278.63
2003-07-13 00:00:00+00:00,25.575998,14.376,13.176,12.676,0.356,0.353,0.2,0.0,10182.67
2003-07-20 00:00:00+00:00,25.526,16.226,13.726,13.176,0.353,0.35,1.7,0.0,10146.87
2003-07-27 00:00:00+00:00,21.526,14.226,14.276,13.726,0.35,0.348,3.4,0.0,9699.74
2003-08-03 00:00:00+00:00,21.325998,13.426,14.676,14.276,0.348,0.346,1.4,0.0,12187.77
2003-08-10 00:00:00+00:00,28.075998,16.876,15.126,14.676,0.346,0.344,0.0,0.0,12532.98
2003-08-17 00:00:00+00:00,26.526,14.776,15.726,15.126,0.344,0.342,0.6,0.0,11906.32
2003-08-24 00:00:00+00:00,24.126,14.526,16.175999,15.726,0.342,0.34,0.2,0.0,10751.91
2003-08-31 00:00:00+00:00,19.425999,10.926,16.476,16.175999,0.34,0.338,0.6,0.0,10484.65
2003-09-07 00:00:00+00:00,20.825998,12.226,16.675999,16.476,0.338,0.336,0.5,0.0,9678.37
2003-09-14 00:00:00+00:00,19.726,11.476,16.776,16.675999,0.336,0.334,1.0,0.0,10783.99
2003-09-21 00:00:00+00:00,24.626,12.876,16.876,16.776,0.334,0.332,0.0,0.0,10645.14
2003-09-28 00:00:00+00:00,20.376,8.376,16.925999,16.876,0.332,0.331,2.5,0.0,9964.98
2003-10-05 00:00:00+00:00,17.925999,6.276,16.925999,16.876,0.331,0.329,1.5,0.0,10057.78
2003-10-12 00:00:00+00:00,17.626,8.726,16.876,16.675999,0.329,0.328,0.7,0.0,9893.58
2003-10-19 00:00:00+00:00,13.426,9.726,16.675999,16.476,0.328,0.326,0.1,0.0,9764.38
2003-10-26 00:00:00+00:00,10.776,4.476,16.476,16.075998,0.326,0.325,0.9,0.0,9875.46
2003-11-02 00:00:00+00:00,12.976,5.476,16.075998,15.576,0.325,0.324,2.3,0.0,9739.16
2003-11-09 00:00:00+00:00,14.176,7.076,15.576,15.126,0.324,0.323,0.2,0.0,9575.6
2003-11-16 00:00:00+00:00,13.226,6.376,15.126,14.726,0.323,0.322,0.7,0.0,9746.18
2003-11-23 00:00:00+00:00,14.326,5.626,14.726,14.376,0.322,0.321,2.1,0.0,9855.45
2003-11-30 00:00:00+00:00,11.576,2.926,14.376,13.926,0.322,0.321,3.7,0.0,9724.84
2003-12-07 00:00:00+00:00,11.076,3.926,13.926,13.476,0.323,0.322,0.8,0.0,9697.19
2003-12-14 00:00:00+00:00,12.826,2.876,13.476,12.926,0.324,0.323,1.9,0.0,9991.66
2003-12-21 00:00:00+00:00,11.526,0.976,12.926,12.376,0.328,0.324,1.7,0.0,10095.23
2003-12-28 00:00:00+00:00,10.426,1.2260001,12.376,11.776,0.331,0.328,1.6,0.0,9809.98
2004-01-04 00:00:00+00:00,7.276,0.87600005,11.776,11.226,0.337,0.331,1.6,0.0,10513.01
2004-01-11 00:00:00+00:00,11.076,3.626,11.226,10.726,0.343,0.337,2.5,0.0,9077.58
2004-01-18 00:00:00+00:00,10.126,2.476,10.726,10.326,0.351,0.343,2.1,0.0,9283.81
2004-01-25 00:00:00+00:00,10.326,1.926,10.326,9.926,0.357,0.351,1.1,0.0,9276.55
2004-02-01 00:00:00+00:00,11.226,-0.774,9.926,9.526,0.364,0.357,2.2,0.0,9264.28
2004-02-08 00:00:00+00:00,14.276,2.426,9.526,9.326,0.372,0.364,1.7,0.0,8969.38
2004-02-15 00:00:00+00:00,10.326,0.176,9.326,9.126,0.376,0.372,0.2,0.0,8940.36
2004-02-22 00:00:00+00:00,8.226,2.276,9.126,8.876,0.378,0.376,0.7,0.0,9129.83
2004-02-29 00:00:00+00:00,5.526,-1.124,8.876,8.476,0.379,0.378,0.6,0.0,8788.21
2004-03-07 00:00:00+00:00,8.926,0.076000005,8.476,8.076,0.379,0.379,0.6,0.0,8599.29
2004-03-14 00:00:00+00:00,10.876,1.576,8.076,7.776,0.379,0.379,1.0,0.0,8509.21
2004-03-21 00:00:00+00:00,15.126,6.676,7.776,7.726,0.379,0.378,1.1,0.0,8252.86
2004-03-28 00:00:00+00:00,10.126,2.326,7.726,7.726,0.378,0.378,0.9,0.0,7421.93
2004-04-04 00:00:00+00:00,13.176,6.026,7.776,7.726,0.378,0.378,1.4,0.0,7935.38
2004-04-11 00:00:00+00:00,11.226,4.326,7.876,7.776,0.378,0.377,1.5,0.0,7869.44
2004-04-18 00:00:00+00:00,14.776,4.726,8.026,7.876,0.377,0.376,1.4,0.0,7896.37
2004-04-25 00:00:00+00:00,16.526,4.176,8.226,8.026,0.376,0.375,0.6,0.0,7927.03
2004-05-02 00:00:00+00:00,16.575998,8.176,8.526,8.226,0.375,0.374,1.5,0.0,7652.21
2004-05-09 00:00:00+00:00,13.926,7.276,8.776,8.526,0.374,0.373,2.4,0.0,7272.63
2004-05-16 00:00:00+00:00,17.726,7.226,9.076,8.776,0.373,0.372,0.1,0.0,7919.5
2004-05-23 00:00:00+00:00,20.526,7.126,9.526,9.076,0.372,0.371,1.4,0.0,7828.16
2004-05-30 00:00:00+00:00,18.876,9.326,9.926,9.526,0.371,0.37,1.4,0.0,7947.95
2004-06-06 00:00:00+00:00,19.976,10.676,10.326,9.926,0.37,0.368,0.7,0.0,8989.89
2004-06-13 00:00:00+00:00,24.825998,11.826,10.876,10.326,0.368,0.366,0.6,0.0,9419.4
2004-06-20 00:00:00+00:00,24.276,9.026,11.476,10.876,0.366,0.364,0.9,0.0,8289.2
2004-06-27 00:00:00+00:00,20.675999,10.126,11.926,11.476,0.364,0.362,3.7,0.0,9290.85
2004-07-04 00:00:00+00:00,20.626,11.776,12.326,11.926,0.362,0.359,1.2,0.0,8632.25
2004-07-11 00:00:00+00:00,18.425999,11.326,12.726,12.326,0.359,0.357,4.5,0.0,8358.62
2004-07-18 00:00:00+00:00,22.126,12.726,13.026,12.726,0.357,0.355,1.6,0.0,8539.51
2004-07-25 00:00:00+00:00,22.376,13.126,13.476,13.026,0.355,0.353,2.4,0.0,9657.93
2004-08-01 00:00:00+00:00,22.976,14.726,13.926,13.476,0.353,0.351,0.3,0.0,10038.05
2004-08-08 00:00:00+00:00,23.575998,15.876,14.476,13.926,0.351,0.349,0.9,0.0,9382.88
2004-08-15 00:00:00+00:00,23.126,15.076,14.976,14.476,0.349,0.347,3.7,0.0,8835.07
2004-08-22 00:00:00+00:00,22.476,12.676,15.426,14.976,0.347,0.345,2.3,0.0,8515.11
2004-08-29 00:00:00+00:00,20.276,12.876,15.676,15.426,0.345,0.344,2.4,0.0,8884.14
2004-09-05 00:00:00+00:00,23.476,10.826,15.826,15.676,0.344,0.342,0.0,0.0,9155.43
2004-09-12 00:00:00+00:00,21.075998,12.776,16.075998,15.826,0.342,0.34,0.7,0.0,8723.42
2004-09-19 00:00:00+00:00,19.726,9.076,16.175999,16.075998,0.34,0.339,3.2,0.0,8642.97
2004-09-26 00:00:00+00:00,17.626,8.826,16.175999,16.175999,0.339,0.337,0.7,0.0,8565.16
2004-10-03 00:00:00+00:00,17.776,11.376,16.175999,16.075998,0.337,0.336,1.2,0.0,8219.33
2004-10-10 00:00:00+00:00,16.825998,9.476,16.075998,15.976,0.336,0.335,0.7,0.0,8219.76
2004-10-17 00:00:00+00:00,15.526,7.476,15.976,15.726,0.335,0.334,2.2,0.0,8542.48
2004-10-24 00:00:00+00:00,17.376,7.376,15.726,15.426,0.334,0.333,2.3,0.0,8475.42
2004-10-31 00:00:00+00:00,15.176,7.976,15.426,15.226,0.333,0.332,1.6,0.0,8452.75
2004-11-07 00:00:00+00:00,13.876,7.676,15.226,14.926,0.332,0.331,1.1,0.0,9095.71
2004-11-14 00:00:00+00:00,12.176,3.726,14.926,14.576,0.331,0.33,1.4,0.0,8148.45
2004-11-21 00:00:00+00:00,12.776,1.876,14.576,14.076,0.33,0.33,3.8,0.0,8621.12
2004-11-28 00:00:00+00:00,12.426,5.826,14.076,13.576,0.33,0.33,0.4,0.0,7926.49
2004-12-05 00:00:00+00:00,10.326,3.276,13.576,13.026,0.33,0.33,0.2,0.0,7977.95
2004-12-12 00:00:00+00:00,10.376,2.726,13.026,12.526,0.33,0.33,0.0,0.0,8364.94
2004-12-19 00:00:00+00:00,10.926,2.476,12.526,12.026,0.33,0.329,3.6,0.0,8380.6
2004-12-26 00:00:00+00:00,11.626,-0.074,12.026,11.526,0.33,0.329,1.4,0.0,8634.66
2005-01-02 00:00:00+00:00,11.026,1.2260001,11.526,11.026,0.331,0.33,2.5,0.0,8993.72
2005-01-09 00:00:00+00:00,11.876,4.126,11.026,10.626,0.332,0.331,0.9,0.0,8334.27
2005-01-16 00:00:00+00:00,11.976,2.076,10.626,10.376,0.333,0.332,2.4,0.0,8760.74
2005-01-23 00:00:00+00:00,11.826,1.526,10.376,10.026,0.334,0.333,0.9,0.0,8965.19
2005-01-30 00:00:00+00:00,7.076,1.776,10.026,9.626,0.336,0.334,0.4,0.0,8941.72
2005-02-06 00:00:00+00:00,9.476,4.576,9.626,9.276,0.338,0.336,0.4,0.0,8636.94
2005-02-13 00:00:00+00:00,11.426,3.876,9.276,9.026,0.339,0.338,1.3,0.0,8651.86
2005-02-20 00:00:00+00:00,7.726,0.87600005,9.026,8.726,0.342,0.339,0.5,0.0,8801.46
2005-02-27 00:00:00+00:00,5.926,-0.424,8.726,8.326,0.344,0.342,0.7,0.0,9071.37
2005-03-06 00:00:00+00:00,5.926,-1.7739999,8.326,7.826,0.347,0.344,1.5,0.0,9055.32
2005-03-13 00:00:00+00:00,8.576,0.726,7.826,7.426,0.35,0.347,0.4,0.0,9294.14
2005-03-20 00:00:00+00:00,15.476,1.176,7.426,7.276,0.352,0.35,0.2,0.0,8983.71
2005-03-27 00:00:00+00:00,13.476,5.526,7.426,7.276,0.353,0.352,0.9,0.0,8754.69
2005-04-03 00:00:00+00:00,16.175999,6.376,7.576,7.426,0.353,0.353,1.4,0.0,8088.75
2005-04-10 00:00:00+00:00,12.276,1.676,7.776,7.576,0.354,0.353,0.8,0.0,8150.08
2005-04-17 00:00:00+00:00,14.226,3.026,7.876,7.776,0.354,0.354,1.1,0.0,8160.15
2005-04-24 00:00:00+00:00,12.926,4.526,8.026,7.876,0.354,0.354,1.5,0.0,8042.76
2005-05-01 00:00:00+00:00,21.675999,7.626,8.276,8.026,0.354,0.353,1.1,0.0,8090.47
2005-05-08 00:00:00+00:00,18.626,5.576,8.676,8.276,0.353,0.353,1.7,0.0,8204.36
2005-05-15 00:00:00+00:00,12.776,5.326,8.926,8.676,0.353,0.352,0.7,0.0,8301.51
2005-05-22 00:00:00+00:00,16.626,5.626,9.176,8.926,0.352,0.352,0.8,0.0,8618.09
2005-05-29 00:00:00+00:00,25.626,9.126,9.526,9.176,0.352,0.35,0.3,0.0,8307.56
2005-06-05 00:00:00+00:00,18.526,9.876,10.026,9.526,0.35,0.349,3.2,0.0,8615.53
2005-06-12 00:00:00+00:00,16.276,8.326,10.426,10.026,0.349,0.348,0.6,0.0,8546.13
2005-06-19 00:00:00+00:00,24.126,8.076,10.826,10.426,0.348,0.346,1.0,0.0,9759.48
2005-06-26 00:00:00+00:00,23.126,13.476,11.476,10.826,0.346,0.345,2.1,0.0,8940.34
2005-07-03 00:00:00+00:00,23.026,12.976,12.076,11.476,0.345,0.343,2.6,0.0,8421.54
2005-07-10 00:00:00+00:00,21.925999,11.776,12.576,12.076,0.343,0.341,1.4,0.0,9864.24
2005-07-17 00:00:00+00:00,25.075998,13.676,13.076,12.576,0.341,0.339,0.0,0.0,9809.6
2005-07-24 00:00:00+00:00,23.376,13.926,13.576,13.076,0.339,0.338,2.6,0.0,8435.59
2005-07-31 00:00:00+00:00,23.075998,13.576,13.976,13.576,0.338,0.336,5.4,0.0,8546.28
2005-08-07 00:00:00+00:00,20.276,12.176,14.326,13.976,0.336,0.335,2.1,0.0,8822.15
2005-08-14 00:00:00+00:00,22.226,12.326,14.626,14.326,0.335,0.333,2.5,0.0,8871.16
2005-08-21 00:00:00+00:00,20.825998,12.576,14.876,14.626,0.333,0.332,1.2,0.0,8099.94
2005-08-28 00:00:00+00:00,21.526,12.176,15.126,14.926,0.332,0.331,1.9,0.0,8588.11
2005-09-04 00:00:00+00:00,25.075998,14.176,15.326,15.126,0.331,0.33,1.5,0.0,8399.32
2005-09-11 00:00:00+00:00,23.325998,14.226,15.676,15.326,0.33,0.329,2.0,0.0,7552.42
2005-09-18 00:00:00+00:00,21.425999,9.276,15.876,15.676,0.329,0.328,1.8,0.0,7480.6
2005-09-25 00:00:00+00:00,20.075998,10.726,15.976,15.876,0.328,0.327,1.1,0.0,7409.54
2005-10-02 00:00:00+00:00,19.476,10.226,15.976,15.976,0.327,0.326,2.1,0.0,8138.19
2005-10-09 00:00:00+00:00,18.626,9.676,15.976,15.926,0.326,0.325,1.1,0.0,8500.86
2005-10-16 00:00:00+00:00,20.175999,13.376,15.926,15.876,0.325,0.324,0.8,0.0,8153.58
2005-10-23 00:00:00+00:00,16.175999,9.726,15.876,15.826,0.324,0.324,2.1,0.0,8394.68
2005-10-30 00:00:00+00:00,19.325998,12.526,15.826,15.726,0.324,0.323,2.5,0.0,8146.23
2005-11-06 00:00:00+00:00,17.476,7.226,15.726,15.626,0.323,0.323,1.8,0.0,8279.44
2005-11-13 00:00:00+00:00,15.676,6.226,15.626,15.376,0.323,0.323,0.8,0.0,8533.8
2005-11-20 00:00:00+00:00,12.026,1.426,15.376,14.976,0.323,0.323,0.9,0.0,8688.41
2005-11-27 00:00:00+00:00,8.826,0.776,14.976,14.276,0.323,0.323,0.7,0.0,8929.0
2005-12-04 00:00:00+00:00,10.126,1.9760001,14.276,13.576,0.323,0.323,1.2,0.0,8638.85
2005-12-11 00:00:00+00:00,8.226,3.426,13.576,12.926,0.324,0.323,1.3,0.0,8500.95
2005-12-18 00:00:00+00:00,11.076,-0.574,12.926,12.326,0.324,0.324,0.3,0.0,8927.13
2005-12-25 00:00:00+00:00,9.076,2.176,12.326,11.726,0.325,0.324,0.8,0.0,8888.8
2006-01-01 00:00:00+00:00,9.376,-0.67399997,11.726,11.176,0.325,0.325,1.3,0.0,8592.43
2006-01-08 00:00:00+00:00,8.076,2.576,11.176,10.576,0.326,0.325,0.8,0.0,8094.43
2006-01-15 00:00:00+00:00,10.126,0.926,10.576,10.076,0.328,0.326,0.6,0.0,7969.71
2006-01-22 00:00:00+00:00,10.626,3.976,10.076,9.726,0.33,0.328,1.2,0.0,7868.52
2006-01-29 00:00:00+00:00,6.476,-1.224,9.726,9.326,0.332,0.33,0.3,0.0,8216.6
2006-02-05 00:00:00+00:00,7.826,-0.074,9.276,8.826,0.334,0.332,0.0,0.0,8127.59
2006-02-12 00:00:00+00:00,9.176,0.57600003,8.826,8.476,0.335,0.334,1.3,0.0,7842.03
2006-02-19 00:00:00+00:00,10.726,2.626,8.476,8.176,0.337,0.335,2.0,0.0,7520.66
2006-02-26 00:00:00+00:00,5.826,1.426,8.176,7.876,0.341,0.337,1.0,0.0,7308.02
2006-03-05 00:00:00+00:00,6.026,-1.574,7.876,7.476,0.345,0.341,0.9,0.0,7397.53
2006-03-12 00:00:00+00:00,10.226,-0.524,7.476,7.126,0.348,0.345,1.9,0.0,7213.58
2006-03-19 00:00:00+00:00,5.426,-0.62399995,7.126,6.826,0.351,0.348,0.8,0.0,7200.96
2006-03-26 00:00:00+00:00,12.876,1.7260001,6.826,6.576,0.352,0.351,1.5,0.0,6608.12
2006-04-02 00:00:00+00:00,13.676,6.726,6.676,6.576,0.354,0.352,2.7,0.0,6710.04
2006-04-09 00:00:00+00:00,10.976,2.076,6.826,6.676,0.355,0.354,1.0,0.0,7137.02
2006-04-16 00:00:00+00:00,13.726,2.726,6.976,6.826,0.355,0.355,0.7,0.0,6995.3
2006-04-23 00:00:00+00:00,13.176,5.426,7.176,6.976,0.355,0.355,0.5,0.0,7192.21
2006-04-30 00:00:00+00:00,15.026,5.676,7.476,7.176,0.355,0.355,0.7,0.0,7572.02
2006-05-07 00:00:00+00:00,18.026,6.376,7.826,7.476,0.355,0.354,1.9,0.0,7228.98
2006-05-14 00:00:00+00:00,17.526,7.876,8.276,7.826,0.354,0.353,2.5,0.0,7357.51
2006-05-21 00:00:00+00:00,17.075998,9.726,8.776,8.276,0.353,0.353,2.6,0.0,7239.48
2006-05-28 00:00:00+00:00,16.925999,7.626,9.176,8.776,0.353,0.352,2.2,0.0,7470.31
2006-06-04 00:00:00+00:00,19.276,6.876,9.526,9.176,0.352,0.352,1.5,0.0,8286.82
2006-06-11 00:00:00+00:00,23.675999,9.076,9.976,9.526,0.352,0.351,0.2,0.0,8400.81
2006-06-18 00:00:00+00:00,23.675999,12.326,10.526,9.976,0.351,0.35,3.8,0.0,8565.58
2006-06-25 00:00:00+00:00,19.776,12.126,11.176,10.576,0.35,0.349,0.3,0.0,8573.0
2006-07-02 00:00:00+00:00,22.175999,11.476,11.676,11.176,0.349,0.348,1.1,0.0,9514.48
2006-07-09 00:00:00+00:00,22.776,14.176,12.276,11.676,0.348,0.347,2.4,0.0,8863.86
2006-07-16 00:00:00+00:00,21.876,14.376,12.876,12.276,0.347,0.345,1.2,0.0,10983.6
2006-07-23 00:00:00+00:00,28.026,16.325998,13.476,12.876,0.345,0.343,3.0,0.0,10899.46
2006-07-30 00:00:00+00:00,24.575998,17.126,14.176,13.476,0.343,0.341,2.3,0.0,10209.63
2006-08-06 00:00:00+00:00,23.026,13.776,14.776,14.176,0.341,0.34,0.9,0.0,9068.17
2006-08-13 00:00:00+00:00,20.876,13.276,15.176,14.776,0.34,0.338,3.3,0.0,8463.03
2006-08-20 00:00:00+00:00,20.276,13.376,15.426,15.176,0.338,0.337,1.1,0.0,8513.35
2006-08-27 00:00:00+00:00,19.675999,12.376,15.626,15.426,0.337,0.335,4.0,0.0,8228.54
2006-09-03 00:00:00+00:00,23.026,12.276,15.726,15.626,0.335,0.334,1.9,0.0,8420.16
2006-09-10 00:00:00+00:00,24.325998,13.176,15.926,15.726,0.334,0.333,0.0,0.0,8539.91
2006-09-17 00:00:00+00:00,22.825998,15.126,16.175999,15.926,0.333,0.332,1.4,0.0,8344.98
2006-09-24 00:00:00+00:00,23.876,14.026,16.376,16.175999,0.332,0.331,3.9,0.0,7879.16
2006-10-01 00:00:00+00:00,20.226,13.726,16.526,16.376,0.331,0.33,1.2,0.0,7555.21
2006-10-08 00:00:00+00:00,17.075998,10.576,16.526,16.476,0.33,0.329,3.3,0.0,7561.95
2006-10-15 00:00:00+00:00,19.675999,11.376,16.476,16.376,0.329,0.329,1.3,0.0,7453.11
2006-10-22 00:00:00+00:00,17.075998,13.426,16.376,16.325998,0.329,0.328,2.0,0.0,7569.23
2006-10-29 00:00:00+00:00,18.325998,9.426,16.325998,16.175999,0.328,0.328,2.6,0.0,7409.4
2006-11-05 00:00:00+00:00,16.026,4.476,16.175999,15.876,0.328,0.327,0.1,0.0,7673.88
2006-11-12 00:00:00+00:00,15.026,4.776,15.876,15.426,0.327,0.327,2.0,0.0,7519.87
2006-11-19 00:00:00+00:00,14.776,5.176,15.426,14.976,0.327,0.327,3.0,0.0,7774.45
2006-11-26 00:00:00+00:00,14.676,6.076,14.976,14.526,0.327,0.327,1.8,0.0,8088.54
2006-12-03 00:00:00+00:00,13.976,7.476,14.526,14.176,0.328,0.327,1.8,0.0,8069.0
2006-12-10 00:00:00+00:00,13.726,3.176,14.176,13.776,0.331,0.328,2.1,0.0,8035.25
2006-12-17 00:00:00+00:00,12.626,5.076,13.776,13.376,0.335,0.331,1.8,0.0,8198.92
2006-12-24 00:00:00+00:00,8.176,1.526,13.376,12.826,0.34,0.335,0.0,0.0,8407.68
2006-12-31 00:00:00+00:00,12.576,3.976,12.826,12.276,0.343,0.34,1.5,0.0,8419.75
2007-01-07 00:00:00+00:00,11.376,5.176,12.276,11.876,0.346,0.343,2.6,0.0,7538.34
2007-01-14 00:00:00+00:00,13.076,5.776,11.876,11.576,0.35,0.346,1.5,0.0,7687.46
2007-01-21 00:00:00+00:00,13.826,4.926,11.576,11.326,0.355,0.35,2.0,0.0,7765.74
2007-01-28 00:00:00+00:00,8.726,0.076000005,11.326,10.976,0.359,0.355,0.5,0.0,7916.68
2007-02-04 00:00:00+00:00,11.126,3.226,10.976,10.576,0.362,0.359,0.1,0.0,8230.8
2007-02-11 00:00:00+00:00,10.126,-1.574,10.576,10.076,0.364,0.362,1.6,0.0,7474.99
2007-02-18 00:00:00+00:00,10.676,3.876,10.076,9.726,0.369,0.364,1.6,0.0,7265.24
2007-02-25 00:00:00+00:00,10.926,5.676,9.726,9.526,0.373,0.369,1.6,0.0,7148.01
2007-03-04 00:00:00+00:00,11.826,3.976,9.526,9.376,0.379,0.373,2.4,0.0,7078.62
2007-03-11 00:00:00+00:00,13.126,5.026,9.376,9.276,0.384,0.379,1.6,0.0,7275.87
2007-03-18 00:00:00+00:00,14.426,3.676,9.276,9.226,0.385,0.384,0.5,0.0,7024.34
2007-03-25 00:00:00+00:00,9.776,1.176,9.226,9.126,0.385,0.385,0.5,0.0,7386.85
2007-04-01 00:00:00+00:00,11.776,5.226,9.126,9.026,0.385,0.385,1.2,0.0,7472.35
2007-04-08 00:00:00+00:00,15.076,3.026,9.026,9.026,0.385,0.384,0.1,0.0,7391.67
2007-04-15 00:00:00+00:00,19.476,7.626,9.176,9.026,0.384,0.382,0.0,0.0,7764.21
2007-04-22 00:00:00+00:00,19.476,7.526,9.426,9.176,0.382,0.38,0.0,0.0,7921.86
2007-04-29 00:00:00+00:00,18.876,9.826,9.776,9.426,0.38,0.378,0.3,0.0,8247.83
2007-05-06 00:00:00+00:00,16.976,7.776,10.126,9.776,0.378,0.376,0.2,0.0,7552.3
2007-05-13 00:00:00+00:00,16.276,9.776,10.426,10.126,0.376,0.374,3.2,0.0,7259.47
2007-05-20 00:00:00+00:00,18.026,8.026,10.676,10.426,0.374,0.371,1.8,0.0,7867.72
2007-05-27 00:00:00+00:00,19.776,10.426,10.976,10.676,0.371,0.369,2.1,0.0,7425.82
2007-06-03 00:00:00+00:00,17.925999,7.026,11.276,10.976,0.369,0.368,2.5,0.0,7404.52
2007-06-10 00:00:00+00:00,19.276,11.676,11.576,11.276,0.368,0.366,2.9,0.0,7563.02
2007-06-17 00:00:00+00:00,21.075998,13.126,12.026,11.626,0.366,0.365,1.6,0.0,7680.27
2007-06-24 00:00:00+00:00,19.276,12.826,12.476,12.026,0.365,0.364,3.6,0.0,7848.19
2007-07-01 00:00:00+00:00,18.876,10.026,12.826,12.476,0.364,0.362,1.8,0.0,7282.36
2007-07-08 00:00:00+00:00,18.776,11.976,13.126,12.826,0.362,0.362,1.8,0.0,7380.96
2007-07-15 00:00:00+00:00,21.376,11.926,13.426,13.126,0.362,0.361,0.8,0.0,7799.21
2007-07-22 00:00:00+00:00,21.226,12.776,13.826,13.426,0.361,0.359,3.8,0.0,8620.39
2007-07-29 00:00:00+00:00,19.925999,13.026,14.126,13.826,0.359,0.358,5.6,0.0,8421.92
2007-08-05 00:00:00+00:00,24.425999,11.426,14.426,14.126,0.358,0.357,0.1,0.0,8596.45
2007-08-12 00:00:00+00:00,20.825998,12.426,14.726,14.426,0.357,0.356,0.5,0.0,7906.77
2007-08-19 00:00:00+00:00,20.425999,12.276,15.026,14.726,0.356,0.355,3.2,0.0,7554.62
2007-08-26 00:00:00+00:00,23.175999,12.826,15.176,15.026,0.355,0.354,1.8,0.0,8085.64
2007-09-02 00:00:00+00:00,20.376,12.526,15.376,15.176,0.354,0.353,0.2,0.0,8515.76
2007-09-09 00:00:00+00:00,21.276,11.226,15.526,15.376,0.353,0.352,0.7,0.0,8770.75
2007-09-16 00:00:00+00:00,19.726,11.626,15.626,15.526,0.352,0.351,0.1,0.0,8502.14
2007-09-23 00:00:00+00:00,19.425999,9.126,15.676,15.626,0.351,0.35,0.4,0.0,8038.03
2007-09-30 00:00:00+00:00,17.226,9.576,15.676,15.626,0.35,0.349,2.5,0.0,7744.93
2007-10-07 00:00:00+00:00,16.325998,10.826,15.626,15.526,0.349,0.348,1.5,0.0,7654.71
2007-10-14 00:00:00+00:00,17.026,9.876,15.526,15.426,0.348,0.347,4.0,0.0,7325.25
2007-10-21 00:00:00+00:00,16.526,7.376,15.426,15.276,0.347,0.346,1.9,0.0,7426.49
2007-10-28 00:00:00+00:00,14.476,6.126,15.276,14.926,0.346,0.345,1.3,0.0,7419.88
2007-11-04 00:00:00+00:00,14.226,7.676,14.926,14.626,0.345,0.345,0.1,0.0,7634.2
2007-11-11 00:00:00+00:00,13.226,5.226,14.626,14.276,0.345,0.344,1.5,0.0,7674.33
2007-11-18 00:00:00+00:00,9.626,1.676,14.276,13.776,0.344,0.344,1.3,0.0,7581.22
2007-11-25 00:00:00+00:00,11.126,1.576,13.776,13.226,0.344,0.343,1.4,0.0,8023.37
2007-12-02 00:00:00+00:00,12.276,4.326,13.226,12.726,0.343,0.343,1.9,0.0,7181.41
2007-12-09 00:00:00+00:00,13.476,4.726,12.726,12.326,0.343,0.343,2.0,0.0,7267.92
2007-12-16 00:00:00+00:00,7.226,0.87600005,12.326,11.826,0.344,0.343,0.5,0.0,7898.94
2007-12-23 00:00:00+00:00,7.226,2.126,11.826,11.226,0.345,0.344,0.0,0.0,8281.6
2007-12-30 00:00:00+00:00,11.076,4.276,11.226,10.676,0.346,0.345,1.8,0.0,8492.22
2008-01-06 00:00:00+00:00,8.726,2.126,10.676,10.276,0.347,0.346,1.8,0.0,8227.19
2008-01-13 00:00:00+00:00,10.776,3.176,10.276,9.876,0.349,0.347,2.8,0.0,8276.65
2008-01-20 00:00:00+00:00,12.526,2.976,9.876,9.626,0.355,0.349,3.2,0.0,8024.33
2008-01-27 00:00:00+00:00,11.176,4.126,9.626,9.476,0.363,0.355,0.4,0.0,7829.8
2008-02-03 00:00:00+00:00,9.726,1.026,9.476,9.226,0.367,0.363,1.5,0.0,8121.11
2008-02-10 00:00:00+00:00,11.026,2.226,9.226,8.976,0.369,0.367,2.0,0.0,7895.5
2008-02-17 00:00:00+00:00,8.876,0.026,8.976,8.726,0.37,0.369,0.0,0.0,8104.68
2008-02-24 00:00:00+00:00,12.226,0.22600001,8.726,8.376,0.371,0.37,0.2,0.0,8026.02
2008-03-02 00:00:00+00:00,11.276,2.976,8.376,8.226,0.371,0.371,1.6,0.0,7820.32
2008-03-09 00:00:00+00:00,10.876,0.376,8.226,8.126,0.371,0.37,0.7,0.0,7482.8
2008-03-16 00:00:00+00:00,11.676,5.376,8.126,8.026,0.37,0.37,3.2,0.0,7659.37
2008-03-23 00:00:00+00:00,8.776,0.526,8.076,7.976,0.37,0.37,1.1,0.0,8142.99
2008-03-30 00:00:00+00:00,12.026,-0.024,7.976,7.776,0.372,0.37,2.1,0.0,7918.6
2008-04-06 00:00:00+00:00,15.026,1.4760001,7.776,7.726,0.373,0.372,1.0,0.0,7488.06
2008-04-13 00:00:00+00:00,11.326,1.426,7.776,7.726,0.374,0.373,1.1,0.0,7362.15
2008-04-20 00:00:00+00:00,11.376,2.926,7.776,7.726,0.374,0.373,0.8,0.0,7406.33
2008-04-27 00:00:00+00:00,17.376,4.926,7.926,7.776,0.373,0.373,1.0,0.0,7596.26
2008-05-04 00:00:00+00:00,15.376,7.326,8.226,7.926,0.373,0.372,1.3,0.0,7927.04
2008-05-11 00:00:00+00:00,19.126,11.676,8.626,8.226,0.372,0.371,0.0,0.0,8349.36
2008-05-18 00:00:00+00:00,17.575998,9.376,9.176,8.626,0.371,0.369,1.5,0.0,8562.5
2008-05-25 00:00:00+00:00,16.276,8.476,9.576,9.176,0.369,0.368,2.6,0.0,8283.92
2008-06-01 00:00:00+00:00,17.876,11.176,10.026,9.576,0.368,0.366,4.1,0.0,7990.0
2008-06-08 00:00:00+00:00,19.626,11.776,10.476,10.026,0.366,0.365,1.6,0.0,8437.81
2008-06-15 00:00:00+00:00,19.876,10.176,10.926,10.476,0.365,0.364,2.3,0.0,8615.16
2008-06-22 00:00:00+00:00,19.876,10.276,11.326,10.926,0.364,0.363,0.6,0.0,9479.45
2008-06-29 00:00:00+00:00,20.575998,12.276,11.776,11.326,0.363,0.361,0.5,0.0,10035.0
2008-07-06 00:00:00+00:00,21.526,12.476,12.276,11.776,0.361,0.359,0.6,0.0,9023.81
2008-07-13 00:00:00+00:00,19.825998,11.426,12.726,12.276,0.359,0.358,3.1,0.0,9204.9
2008-07-20 00:00:00+00:00,23.226,11.976,13.126,12.726,0.358,0.356,0.7,0.0,10154.56
2008-07-27 00:00:00+00:00,23.776,11.676,13.526,13.126,0.356,0.354,0.0,0.0,10909.44
2008-08-03 00:00:00+00:00,23.575998,15.476,14.026,13.526,0.354,0.352,4.1,0.0,9815.92
2008-08-10 00:00:00+00:00,23.825998,13.626,14.476,14.026,0.352,0.351,2.4,0.0,9102.64
2008-08-17 00:00:00+00:00,19.626,12.726,14.776,14.476,0.351,0.349,2.9,0.0,9099.07
2008-08-24 00:00:00+00:00,20.026,12.276,15.026,14.776,0.349,0.348,1.8,0.0,9472.05
2008-08-31 00:00:00+00:00,21.626,14.326,15.276,15.026,0.348,0.347,0.8,0.0,9244.52
2008-09-07 00:00:00+00:00,19.376,12.826,15.476,15.276,0.347,0.345,1.8,0.0,8949.66
2008-09-14 00:00:00+00:00,21.026,11.276,15.576,15.476,0.345,0.344,0.7,0.0,8740.51
2008-09-21 00:00:00+00:00,16.425999,11.826,15.576,15.576,0.344,0.343,0.2,0.0,8810.86
2008-09-28 00:00:00+00:00,16.776,10.326,15.576,15.526,0.343,0.342,0.4,0.0,8522.34
2008-10-05 00:00:00+00:00,15.276,5.976,15.526,15.426,0.342,0.341,2.0,0.0,8247.61
2008-10-12 00:00:00+00:00,17.825998,8.226,15.426,15.226,0.341,0.341,0.7,0.0,8269.17
2008-10-19 00:00:00+00:00,17.626,7.376,15.226,15.026,0.341,0.34,0.8,0.0,8059.37
2008-10-26 00:00:00+00:00,15.826,6.926,15.026,14.776,0.34,0.339,2.0,0.0,8115.95
2008-11-02 00:00:00+00:00,11.576,2.476,14.776,14.376,0.339,0.339,2.9,0.0,7671.87
2008-11-09 00:00:00+00:00,12.026,7.376,14.376,13.976,0.339,0.339,1.9,0.0,7734.53
2008-11-16 00:00:00+00:00,12.826,5.226,13.976,13.576,0.341,0.339,2.4,0.0,7468.41
2008-11-23 00:00:00+00:00,11.476,-0.424,13.576,13.176,0.343,0.341,1.6,0.0,7592.88
2008-11-30 00:00:00+00:00,10.426,2.226,13.176,12.626,0.345,0.343,1.4,0.0,7584.43
2008-12-07 00:00:00+00:00,7.726,0.126,12.626,11.976,0.351,0.345,1.1,0.0,7681.61
2008-12-14 00:00:00+00:00,6.426,0.526,11.976,11.276,0.355,0.351,1.3,0.0,7924.48
2008-12-21 00:00:00+00:00,11.426,3.326,11.276,10.676,0.358,0.355,0.7,0.0,7927.32
2008-12-28 00:00:00+00:00,11.026,2.476,10.676,10.326,0.361,0.358,0.1,0.0,8022.11
2009-01-04 00:00:00+00:00,5.276,-0.67399997,10.326,9.776,0.362,0.361,0.1,0.0,8727.87
2009-01-11 00:00:00+00:00,7.176,-3.124,9.776,9.126,0.363,0.362,0.7,0.0,8949.74
2009-01-18 00:00:00+00:00,9.326,1.076,9.126,8.626,0.364,0.363,1.9,0.0,7807.52
2009-01-25 00:00:00+00:00,9.276,1.376,8.626,8.226,0.367,0.364,3.0,0.0,7885.36
2009-02-01 00:00:00+00:00,7.626,-0.024,8.226,7.876,0.374,0.367,0.8,0.0,7580.64
2009-02-08 00:00:00+00:00,6.976,-1.324,7.876,7.426,0.379,0.374,1.0,0.0,7336.79
2009-02-15 00:00:00+00:00,7.726,-0.774,7.426,7.026,0.389,0.379,3.4,0.0,7396.02
2009-02-22 00:00:00+00:00,10.076,2.576,7.026,6.776,0.393,0.389,0.1,0.0,6850.23
2009-03-01 00:00:00+00:00,11.226,5.076,6.776,6.676,0.393,0.393,1.1,0.0,6780.6
2009-03-08 00:00:00+00:00,10.176,0.926,6.726,6.676,0.393,0.393,2.3,0.0,6567.28
2009-03-15 00:00:00+00:00,12.226,2.976,6.726,6.676,0.393,0.393,1.7,0.0,6662.08
2009-03-22 00:00:00+00:00,12.876,1.126,6.776,6.676,0.393,0.392,0.0,0.0,6408.12
2009-03-29 00:00:00+00:00,11.326,1.2260001,6.876,6.776,0.392,0.391,1.4,0.0,5953.86
2009-04-05 00:00:00+00:00,13.626,2.926,6.976,6.876,0.391,0.389,0.1,0.0,5350.39
2009-04-12 00:00:00+00:00,14.826,7.126,7.176,6.976,0.389,0.388,0.7,0.0,5163.85
2009-04-19 00:00:00+00:00,14.676,6.726,7.526,7.176,0.388,0.386,1.3,0.0,4963.08
2009-04-26 00:00:00+00:00,15.426,5.126,7.826,7.526,0.386,0.384,0.1,0.0,4996.21
2009-05-03 00:00:00+00:00,17.476,5.726,8.176,7.826,0.384,0.382,1.1,0.0,5540.69
2009-05-10 00:00:00+00:00,17.575998,6.676,8.526,8.176,0.382,0.379,0.6,0.0,5919.72
2009-05-17 00:00:00+00:00,15.076,8.476,8.876,8.526,0.379,0.377,1.8,0.0,5783.08
2009-05-24 00:00:00+00:00,16.825998,9.376,9.276,8.876,0.377,0.374,0.3,0.0,6317.32
2009-05-31 00:00:00+00:00,19.175999,9.426,9.676,9.276,0.374,0.372,2.3,0.0,6643.75
2009-06-07 00:00:00+00:00,19.026,9.726,10.126,9.676,0.372,0.369,2.3,0.0,5534.52
2009-06-14 00:00:00+00:00,20.226,7.976,10.476,10.126,0.369,0.367,1.4,0.0,6026.27
2009-06-21 00:00:00+00:00,20.175999,11.826,10.976,10.476,0.367,0.365,0.8,0.0,6466.32
2009-06-28 00:00:00+00:00,22.575998,12.576,11.426,10.976,0.365,0.362,1.6,0.0,7435.15
2009-07-05 00:00:00+00:00,22.876,14.926,12.026,11.426,0.362,0.36,0.7,0.0,7081.73
2009-07-12 00:00:00+00:00,21.425999,12.376,12.626,12.026,0.36,0.357,1.8,0.0,6940.83
2009-07-19 00:00:00+00:00,21.376,13.226,13.126,12.626,0.357,0.355,2.2,0.0,7059.87
2009-07-26 00:00:00+00:00,22.526,13.376,13.526,13.126,0.355,0.353,0.9,0.0,6638.31
2009-08-02 00:00:00+00:00,20.726,12.976,13.926,13.526,0.353,0.35,3.1,0.0,6989.43
2009-08-09 00:00:00+00:00,24.825998,14.076,14.326,13.926,0.35,0.348,0.9,0.0,7298.4
2009-08-16 00:00:00+00:00,22.675999,15.626,14.726,14.326,0.348,0.346,0.8,0.0,8100.83
2009-08-23 00:00:00+00:00,25.425999,13.276,15.126,14.726,0.346,0.344,0.2,0.0,8451.1
2009-08-30 00:00:00+00:00,23.876,12.326,15.476,15.126,0.344,0.342,0.4,0.0,7889.65
2009-09-06 00:00:00+00:00,23.575998,11.576,15.726,15.476,0.342,0.34,2.0,0.0,7513.8
2009-09-13 00:00:00+00:00,24.425999,12.526,15.876,15.726,0.34,0.338,0.4,0.0,7061.75
2009-09-20 00:00:00+00:00,19.376,13.726,15.976,15.876,0.338,0.337,1.0,0.0,6987.45
2009-09-27 00:00:00+00:00,19.925999,10.776,16.026,15.976,0.337,0.335,0.1,0.0,6949.34
2009-10-04 00:00:00+00:00,18.075998,10.176,16.075998,16.026,0.335,0.334,0.5,0.0,6537.44
2009-10-11 00:00:00+00:00,18.226,9.826,16.026,15.976,0.334,0.332,3.1,0.0,6369.55
2009-10-18 00:00:00+00:00,15.026,7.176,15.976,15.776,0.332,0.331,0.5,0.0,6279.18
2009-10-25 00:00:00+00:00,16.126,8.376,15.776,15.476,0.331,0.33,1.7,0.0,6127.59
2009-11-01 00:00:00+00:00,16.026,10.576,15.476,15.226,0.33,0.329,2.5,0.0,5866.98
2009-11-08 00:00:00+00:00,13.826,6.176,15.226,14.926,0.329,0.328,1.8,0.0,6028.6
2009-11-15 00:00:00+00:00,15.576,5.726,14.926,14.526,0.328,0.328,3.7,0.0,5876.09
2009-11-22 00:00:00+00:00,14.276,9.326,14.526,14.176,0.328,0.327,2.0,0.0,5904.0
2009-11-29 00:00:00+00:00,13.076,6.476,14.176,13.876,0.327,0.327,2.5,0.0,5855.47
2009-12-06 00:00:00+00:00,12.126,3.576,13.876,13.376,0.327,0.327,1.3,0.0,5913.33
2009-12-13 00:00:00+00:00,12.126,4.776,13.376,12.926,0.329,0.327,1.0,0.0,6268.65
2009-12-20 00:00:00+00:00,4.676,-1.624,12.926,12.276,0.331,0.329,1.3,0.0,7178.1
2009-12-27 00:00:00+00:00,8.126,0.076000005,12.276,11.526,0.333,0.331,1.1,0.0,7382.95
2010-01-03 00:00:00+00:00,6.226,-0.574,11.526,10.826,0.337,0.333,1.5,0.0,8104.51
2010-01-10 00:00:00+00:00,2.576,-2.124,10.826,10.076,0.341,0.337,0.7,0.0,9381.01
2010-01-17 00:00:00+00:00,7.326,0.426,10.026,9.326,0.346,0.341,1.3,0.0,7985.43
2010-01-24 00:00:00+00:00,7.876,2.776,9.326,8.776,0.352,0.346,0.3,0.0,7136.46
2010-01-31 00:00:00+00:00,6.576,-1.074,8.776,8.326,0.357,0.352,0.7,0.0,7064.31
2010-02-07 00:00:00+00:00,9.076,-0.024,8.326,7.826,0.36,0.357,1.3,0.0,7112.99
2010-02-14 00:00:00+00:00,3.826,-0.074,7.826,7.426,0.363,0.36,0.4,0.0,7170.9
2010-02-21 00:00:00+00:00,6.026,-2.074,7.426,6.976,0.366,0.363,1.8,0.0,7093.4
2010-02-28 00:00:00+00:00,9.326,2.826,6.976,6.626,0.372,0.366,1.9,0.0,6807.47
2010-03-07 00:00:00+00:00,7.576,-0.124000005,6.626,6.426,0.378,0.372,0.0,0.0,6745.53
2010-03-14 00:00:00+00:00,8.876,0.526,6.426,6.176,0.38,0.378,0.6,0.0,6490.87
2010-03-21 00:00:00+00:00,12.276,3.626,6.176,6.126,0.38,0.38,1.1,0.0,6321.63
2010-03-28 00:00:00+00:00,14.026,3.276,6.326,6.126,0.38,0.38,1.0,0.0,6451.42
2010-04-04 00:00:00+00:00,11.326,2.526,6.476,6.326,0.38,0.38,1.7,0.0,6197.77
2010-04-11 00:00:00+00:00,13.476,4.476,6.676,6.476,0.38,0.38,0.4,0.0,6083.57
2010-04-18 00:00:00+00:00,12.476,4.226,6.876,6.676,0.38,0.38,0.0,0.0,5972.76
2010-04-25 00:00:00+00:00,16.026,2.676,7.076,6.876,0.38,0.379,0.5,0.0,6197.29
2010-05-02 00:00:00+00:00,17.876,6.476,7.426,7.076,0.379,0.377,1.7,0.0,5987.75
2010-05-09 00:00:00+00:00,10.976,5.476,7.726,7.426,0.377,0.376,0.2,0.0,5906.13
2010-05-16 00:00:00+00:00,14.226,4.676,7.926,7.726,0.376,0.374,0.8,0.0,6242.03
2010-05-23 00:00:00+00:00,18.925999,7.176,8.226,7.926,0.374,0.372,0.2,0.0,6875.11
2010-05-30 00:00:00+00:00,23.175999,8.826,8.726,8.226,0.372,0.37,1.1,0.0,6899.32
2010-06-06 00:00:00+00:00,20.776,8.976,9.176,8.726,0.37,0.367,1.2,0.0,6859.78
2010-06-13 00:00:00+00:00,18.526,10.626,9.726,9.176,0.367,0.365,2.5,0.0,6977.76
2010-06-20 00:00:00+00:00,16.376,9.626,10.176,9.726,0.365,0.363,0.2,0.0,7555.34
2010-06-27 00:00:00+00:00,23.075998,10.676,10.676,10.176,0.363,0.36,0.0,0.0,7988.4
2010-07-04 00:00:00+00:00,25.376,14.476,11.326,10.676,0.36,0.357,1.0,0.0,8448.65
2010-07-11 00:00:00+00:00,26.175999,13.776,12.076,11.376,0.357,0.355,0.5,0.0,7591.12
2010-07-18 00:00:00+00:00,21.876,13.676,12.776,12.076,0.355,0.352,1.5,0.0,8044.53
2010-07-25 00:00:00+00:00,23.925999,14.576,13.326,12.776,0.352,0.35,0.8,0.0,8324.57
2010-08-01 00:00:00+00:00,21.876,14.076,13.876,13.326,0.35,0.347,0.5,0.0,7980.12
2010-08-08 00:00:00+00:00,21.126,12.976,14.276,13.876,0.347,0.345,2.9,0.0,7255.67
2010-08-15 00:00:00+00:00,21.526,12.826,14.626,14.276,0.345,0.343,3.5,0.0,7468.96
2010-08-22 00:00:00+00:00,22.376,13.426,14.876,14.626,0.343,0.341,1.9,0.0,7243.74
2010-08-29 00:00:00+00:00,20.626,12.076,15.126,14.876,0.341,0.34,5.0,0.0,7467.95
2010-09-05 00:00:00+00:00,17.526,9.926,15.226,15.126,0.34,0.339,0.3,0.0,7292.07
2010-09-12 00:00:00+00:00,19.925999,12.776,15.326,15.226,0.339,0.338,2.7,0.0,7006.56
2010-09-19 00:00:00+00:00,18.575998,9.426,15.376,15.326,0.338,0.337,0.6,0.0,6880.74
2010-09-26 00:00:00+00:00,20.876,8.476,15.376,15.376,0.337,0.336,1.7,0.0,6944.97
2010-10-03 00:00:00+00:00,18.626,10.476,15.376,15.326,0.336,0.335,2.7,0.0,6456.69
2010-10-10 00:00:00+00:00,17.376,11.026,15.326,15.276,0.335,0.335,2.0,0.0,6252.4
2010-10-17 00:00:00+00:00,15.626,8.876,15.276,15.176,0.335,0.335,0.4,0.0,6137.5
2010-10-24 00:00:00+00:00,13.076,4.226,15.176,14.826,0.335,0.334,2.0,0.0,6392.61
2010-10-31 00:00:00+00:00,14.976,4.326,14.826,14.426,0.334,0.334,1.5,0.0,6277.85
2010-11-07 00:00:00+00:00,15.676,6.076,14.426,14.176,0.335,0.334,2.5,0.0,5885.46
2010-11-14 00:00:00+00:00,13.176,3.926,14.126,13.776,0.337,0.335,2.1,0.0,6112.79
2010-11-21 00:00:00+00:00,9.226,2.976,13.776,13.276,0.341,0.337,0.8,0.0,6392.84
2010-11-28 00:00:00+00:00,7.676,-1.474,13.276,12.676,0.344,0.341,0.2,0.0,7815.41
2010-12-05 00:00:00+00:00,5.826,-2.774,12.676,11.826,0.348,0.344,1.2,0.0,8443.92
2010-12-12 00:00:00+00:00,7.726,-1.0239999,11.826,11.026,0.353,0.348,0.0,0.0,7841.5
2010-12-19 00:00:00+00:00,6.426,-2.524,11.026,10.276,0.357,0.353,1.0,0.0,9073.76
2010-12-26 00:00:00+00:00,3.426,-3.424,10.276,9.526,0.36,0.357,0.9,0.0,8690.05
2011-01-02 00:00:00+00:00,6.976,0.776,9.476,8.826,0.363,0.36,0.7,0.0,8104.3
2011-01-09 00:00:00+00:00,9.676,0.126,8.826,8.326,0.368,0.363,2.3,0.0,7500.18
2011-01-16 00:00:00+00:00,11.326,1.4760001,8.326,8.026,0.382,0.368,2.3,0.0,6742.28
2011-01-23 00:00:00+00:00,10.026,1.376,8.026,7.826,0.393,0.382,3.2,0.0,6490.5
2011-01-30 00:00:00+00:00,7.376,0.776,7.826,7.526,0.395,0.393,0.7,0.0,6733.33
2011-02-06 00:00:00+00:00,10.676,-0.27400002,7.526,7.226,0.396,0.395,0.5,0.0,6332.93
2011-02-13 00:00:00+00:00,11.026,2.476,7.226,7.126,0.396,0.396,1.2,0.0,6000.11
2011-02-20 00:00:00+00:00,8.726,3.226,7.126,7.076,0.396,0.396,1.1,0.0,6292.02
2011-02-27 00:00:00+00:00,12.176,3.976,7.076,6.976,0.397,0.396,1.6,0.0,6030.15
2011-03-06 00:00:00+00:00,6.126,1.2260001,7.026,6.926,0.398,0.397,0.3,0.0,5874.87
2011-03-13 00:00:00+00:00,11.176,1.026,6.926,6.776,0.398,0.398,0.6,0.0,5662.29
2011-03-20 00:00:00+00:00,10.576,1.026,6.776,6.776,0.398,0.397,1.4,0.0,5937.69
2011-03-27 00:00:00+00:00,12.526,3.376,6.826,6.776,0.397,0.395,0.1,0.0,6041.33
2011-04-03 00:00:00+00:00,16.825998,5.426,6.976,6.826,0.395,0.394,1.3,0.0,6433.33
2011-04-10 00:00:00+00:00,18.075998,5.826,7.326,6.976,0.394,0.392,0.9,0.0,6520.23
2011-04-17 00:00:00+00:00,17.575998,4.976,7.626,7.326,0.392,0.389,0.1,0.0,7261.28
2011-04-24 00:00:00+00:00,18.925999,8.126,8.026,7.626,0.389,0.387,0.1,0.0,7269.69
2011-05-01 00:00:00+00:00,17.276,7.576,8.476,8.026,0.387,0.384,0.2,0.0,7589.73
2011-05-08 00:00:00+00:00,20.476,7.676,8.876,8.476,0.384,0.38,1.1,0.0,7425.57
2011-05-15 00:00:00+00:00,18.476,8.626,9.376,8.876,0.38,0.377,0.3,0.0,7659.38
2011-05-22 00:00:00+00:00,18.276,10.426,9.826,9.376,0.377,0.374,0.2,0.0,7874.85
2011-05-29 00:00:00+00:00,17.876,9.076,10.326,9.876,0.374,0.371,1.1,0.0,8117.37
2011-06-05 00:00:00+00:00,20.876,9.826,10.776,10.326,0.371,0.367,0.7,0.0,6988.92
2011-06-12 00:00:00+00:00,17.675999,9.076,11.176,10.776,0.367,0.364,1.5,0.0,6865.15
2011-06-19 00:00:00+00:00,19.675999,11.376,11.526,11.176,0.364,0.362,3.1,0.0,7016.39
2011-06-26 00:00:00+00:00,21.325998,11.326,11.876,11.526,0.362,0.359,1.6,0.0,7443.88
2011-07-03 00:00:00+00:00,27.026,11.276,12.326,11.876,0.359,0.356,0.3,0.0,7172.9
2011-07-10 00:00:00+00:00,21.675999,13.076,12.776,12.326,0.356,0.354,2.1,0.0,6797.34
2011-07-17 00:00:00+00:00,21.526,11.826,13.176,12.776,0.354,0.352,2.7,0.0,6777.81
2011-07-24 00:00:00+00:00,19.675999,11.376,13.526,13.176,0.352,0.349,1.5,0.0,7318.58
2011-07-31 00:00:00+00:00,20.376,12.476,13.776,13.526,0.349,0.347,0.1,0.0,8034.13
2011-08-07 00:00:00+00:00,24.376,13.426,14.126,13.776,0.347,0.345,2.8,0.0,7242.85
2011-08-14 00:00:00+00:00,20.626,12.876,14.426,14.126,0.345,0.343,1.5,0.0,7201.99
2011-08-21 00:00:00+00:00,23.575998,11.526,14.726,14.426,0.343,0.342,1.4,0.0,7010.03
2011-08-28 00:00:00+00:00,19.825998,12.426,14.976,14.726,0.342,0.34,5.6,0.0,6551.21
2011-09-04 00:00:00+00:00,23.476,11.776,15.126,14.976,0.34,0.338,1.2,0.0,6552.89
2011-09-11 00:00:00+00:00,22.325998,12.876,15.276,15.126,0.338,0.337,2.5,0.0,6230.99
2011-09-18 00:00:00+00:00,19.925999,9.926,15.426,15.276,0.337,0.336,0.9,0.0,6070.1
2011-09-25 00:00:00+00:00,20.276,10.876,15.426,15.426,0.336,0.334,1.3,0.0,6501.67
2011-10-02 00:00:00+00:00,24.626,12.826,15.526,15.426,0.334,0.333,0.2,0.0,5712.67
2011-10-09 00:00:00+00:00,23.175999,10.276,15.626,15.526,0.333,0.332,1.8,0.0,5600.63
2011-10-16 00:00:00+00:00,19.526,7.526,15.626,15.626,0.332,0.331,0.2,0.0,5499.9
2011-10-23 00:00:00+00:00,16.325998,5.276,15.626,15.476,0.331,0.33,1.2,0.0,5617.63
2011-10-30 00:00:00+00:00,16.425999,9.776,15.476,15.226,0.33,0.329,1.0,0.0,4990.33
2011-11-06 00:00:00+00:00,15.826,10.476,15.226,15.026,0.329,0.328,3.2,0.0,4786.91
2011-11-13 00:00:00+00:00,14.626,9.526,15.026,14.826,0.328,0.327,0.3,0.0,4818.62
2011-11-20 00:00:00+00:00,13.776,6.576,14.826,14.576,0.327,0.327,0.0,0.0,4987.06
2011-11-27 00:00:00+00:00,13.176,6.576,14.526,14.226,0.327,0.326,0.4,0.0,5266.84
2011-12-04 00:00:00+00:00,12.826,4.326,14.226,13.826,0.326,0.325,1.7,0.0,5676.27
2011-12-11 00:00:00+00:00,11.826,2.176,13.826,13.326,0.325,0.325,1.2,0.0,5655.78
2011-12-18 00:00:00+00:00,11.426,0.22600001,13.326,12.776,0.325,0.324,2.3,0.0,5944.26
2011-12-25 00:00:00+00:00,10.826,-0.224,12.776,12.126,0.324,0.324,2.7,0.0,5925.42
2012-01-01 00:00:00+00:00,11.626,4.926,12.126,11.676,0.325,0.324,4.9,0.0,5427.69
2012-01-08 00:00:00+00:00,11.576,3.876,11.676,11.326,0.326,0.325,2.8,0.0,5274.82
2012-01-15 00:00:00+00:00,10.976,1.026,11.276,10.926,0.328,0.326,0.1,0.0,5353.44
2012-01-22 00:00:00+00:00,10.426,1.926,10.926,10.526,0.33,0.328,1.5,0.0,5462.4
2012-01-29 00:00:00+00:00,9.576,2.276,10.526,10.126,0.333,0.33,1.2,0.0,5552.29
2012-02-05 00:00:00+00:00,3.626,-2.024,10.126,9.576,0.335,0.333,2.0,0.0,6452.33
2012-02-12 00:00:00+00:00,4.126,-2.524,9.576,8.926,0.338,0.335,0.5,0.0,7182.41
2012-02-19 00:00:00+00:00,9.426,-1.5239999,8.926,8.376,0.34,0.338,1.0,0.0,6112.44
2012-02-26 00:00:00+00:00,12.776,-1.424,8.376,8.076,0.341,0.34,0.5,0.0,5345.57
2012-03-04 00:00:00+00:00,12.226,2.976,8.076,8.026,0.343,0.341,1.5,0.0,5055.54
2012-03-11 00:00:00+00:00,12.726,3.526,8.026,7.926,0.345,0.343,1.4,0.0,5136.91
2012-03-18 00:00:00+00:00,13.226,4.426,7.926,7.926,0.347,0.345,0.8,0.0,5043.5
2012-03-25 00:00:00+00:00,12.576,2.876,7.926,7.926,0.348,0.347,0.0,0.0,3889.09
2012-04-01 00:00:00+00:00,14.876,3.176,8.026,7.926,0.348,0.348,0.0,0.0,4784.15
2012-04-08 00:00:00+00:00,12.126,2.426,8.076,8.026,0.348,0.348,0.6,0.0,4698.74
2012-04-15 00:00:00+00:00,11.326,3.876,8.126,8.076,0.348,0.348,1.2,0.0,4642.82
2012-04-22 00:00:00+00:00,12.226,2.576,8.176,8.126,0.348,0.348,1.1,0.0,4715.99
2012-04-29 00:00:00+00:00,14.176,6.226,8.276,8.176,0.348,0.347,1.7,0.0,4912.28
2012-05-06 00:00:00+00:00,15.276,6.476,8.426,8.276,0.35,0.347,3.6,0.0,4982.63
2012-05-13 00:00:00+00:00,16.526,6.476,8.626,8.426,0.354,0.35,2.1,0.0,4936.14
2012-05-20 00:00:00+00:00,16.026,5.176,8.876,8.626,0.357,0.354,1.6,0.0,5235.48
2012-05-27 00:00:00+00:00,22.276,9.376,9.276,8.876,0.358,0.357,0.1,0.0,5620.54
2012-06-03 00:00:00+00:00,21.626,11.026,9.826,9.276,0.358,0.357,1.9,0.0,5324.2
2012-06-10 00:00:00+00:00,17.026,7.576,10.276,9.826,0.357,0.357,1.8,0.0,5035.11
2012-06-17 00:00:00+00:00,17.325998,9.126,10.576,10.276,0.358,0.357,2.1,0.0,5271.13
2012-06-24 00:00:00+00:00,19.626,10.876,10.976,10.626,0.359,0.358,3.9,0.0,5473.53
2012-07-01 00:00:00+00:00,24.226,12.376,11.476,10.976,0.359,0.359,0.4,0.0,5550.44
2012-07-08 00:00:00+00:00,21.175999,13.176,11.976,11.476,0.359,0.359,3.1,0.0,5326.45
2012-07-15 00:00:00+00:00,18.675999,11.526,12.426,11.976,0.361,0.359,2.2,0.0,5512.37
2012-07-22 00:00:00+00:00,20.825998,12.526,12.826,12.426,0.365,0.361,1.5,0.0,6256.87
2012-07-29 00:00:00+00:00,23.126,12.426,13.226,12.826,0.365,0.365,1.2,0.0,5751.21
2012-08-05 00:00:00+00:00,20.825998,11.676,13.626,13.226,0.365,0.365,1.2,0.0,5995.95
2012-08-12 00:00:00+00:00,20.526,13.476,14.026,13.626,0.365,0.365,0.6,0.0,6241.11
2012-08-19 00:00:00+00:00,26.876,15.526,14.426,14.026,0.365,0.364,2.8,0.0,6187.83
2012-08-26 00:00:00+00:00,22.876,13.776,14.926,14.426,0.364,0.363,1.1,0.0,5744.21
2012-09-02 00:00:00+00:00,20.825998,10.226,15.226,14.926,0.363,0.362,2.2,0.0,5775.72
2012-09-09 00:00:00+00:00,24.425999,10.776,15.426,15.226,0.362,0.361,0.2,0.0,5600.3
2012-09-16 00:00:00+00:00,20.376,10.026,15.576,15.426,0.361,0.359,1.1,0.0,5681.75
2012-09-23 00:00:00+00:00,18.425999,8.876,15.626,15.576,0.359,0.358,3.5,0.0,5006.57
2012-09-30 00:00:00+00:00,16.476,9.176,15.576,15.476,0.358,0.357,3.0,0.0,5099.07
2012-10-07 00:00:00+00:00,16.026,8.876,15.476,15.326,0.357,0.356,3.0,0.0,4922.47
2012-10-14 00:00:00+00:00,14.626,5.726,15.326,15.076,0.356,0.356,1.5,0.0,4979.31
2012-10-21 00:00:00+00:00,15.226,6.226,15.076,14.776,0.356,0.356,3.7,0.0,5154.93
2012-10-28 00:00:00+00:00,15.826,3.376,14.776,14.526,0.358,0.356,0.8,0.0,5061.03
2012-11-04 00:00:00+00:00,11.726,5.826,14.526,14.126,0.361,0.358,3.2,0.0,5119.89
2012-11-11 00:00:00+00:00,11.276,3.576,14.126,13.576,0.364,0.361,0.9,0.0,5388.0
2012-11-18 00:00:00+00:00,12.976,3.926,13.576,13.126,0.366,0.364,0.9,0.0,5463.4
2012-11-25 00:00:00+00:00,12.326,4.676,13.126,12.726,0.369,0.366,2.5,0.0,5162.8
2012-12-02 00:00:00+00:00,9.826,0.176,12.726,12.276,0.375,0.369,1.6,0.0,5318.08
2012-12-09 00:00:00+00:00,9.426,-0.774,12.276,11.576,0.38,0.375,2.1,0.0,5969.5
2012-12-16 00:00:00+00:00,9.826,-0.974,11.576,10.876,0.385,0.38,3.9,0.0,5712.85
2012-12-23 00:00:00+00:00,12.026,3.476,10.876,10.376,0.395,0.385,2.4,0.0,5541.96
2012-12-30 00:00:00+00:00,11.426,5.026,10.376,10.026,0.406,0.395,1.5,0.0,5509.12
2013-01-06 00:00:00+00:00,11.226,4.676,10.026,9.776,0.408,0.406,1.3,0.0,5316.51
2013-01-13 00:00:00+00:00,10.126,1.276,9.776,9.526,0.409,0.408,1.2,0.0,5261.71
2013-01-20 00:00:00+00:00,2.826,-1.874,9.526,9.026,0.409,0.408,1.1,0.0,5780.21
2013-01-27 00:00:00+00:00,9.176,-1.874,9.026,8.426,0.408,0.407,1.7,0.0,5518.91
2013-02-03 00:00:00+00:00,11.976,0.22600001,8.376,8.026,0.409,0.407,1.4,0.0,5256.26
2013-02-10 00:00:00+00:00,8.976,0.176,8.026,7.726,0.409,0.409,1.1,0.0,5286.1
2013-02-17 00:00:00+00:00,9.076,0.676,7.726,7.326,0.409,0.408,2.1,0.0,5242.37
2013-02-24 00:00:00+00:00,5.926,0.126,7.326,7.026,0.408,0.407,0.2,0.0,5221.86
2013-03-03 00:00:00+00:00,5.676,-0.474,6.976,6.676,0.407,0.406,0.8,0.0,5432.9
2013-03-10 00:00:00+00:00,10.526,1.076,6.676,6.426,0.406,0.404,1.3,0.0,5421.34
2013-03-17 00:00:00+00:00,7.326,-1.074,6.426,6.226,0.404,0.403,1.7,0.0,5476.37
2013-03-24 00:00:00+00:00,6.226,-0.024,6.226,6.026,0.403,0.402,0.7,0.0,5494.54
2013-03-31 00:00:00+00:00,3.926,-0.27400002,6.026,5.776,0.402,0.401,0.2,0.0,5749.99
2013-04-07 00:00:00+00:00,5.776,-1.174,5.776,5.576,0.401,0.399,0.3,0.0,5508.87
2013-04-14 00:00:00+00:00,17.026,3.026,5.576,5.476,0.399,0.397,1.7,0.0,5383.9
2013-04-21 00:00:00+00:00,15.126,3.176,5.726,5.476,0.397,0.396,1.1,0.0,5176.38
2013-04-28 00:00:00+00:00,18.575998,4.026,6.076,5.726,0.396,0.394,1.0,0.0,5049.85
2013-05-05 00:00:00+00:00,16.675999,4.876,6.476,6.076,0.394,0.392,0.5,0.0,5250.86
2013-05-12 00:00:00+00:00,15.976,6.926,6.926,6.476,0.392,0.389,1.3,0.0,5238.78
2013-05-19 00:00:00+00:00,13.726,7.076,7.326,6.926,0.389,0.386,1.1,0.0,5483.67
2013-05-26 00:00:00+00:00,15.926,5.926,7.676,7.326,0.386,0.384,1.6,0.0,5479.61
2013-06-02 00:00:00+00:00,17.675999,7.976,8.026,7.676,0.384,0.381,1.2,0.0,5826.4
2013-06-09 00:00:00+00:00,15.226,8.726,8.476,8.026,0.381,0.379,0.3,0.0,5542.01
2013-06-16 00:00:00+00:00,17.825998,10.576,8.926,8.476,0.379,0.376,0.8,0.0,5517.23
2013-06-23 00:00:00+00:00,20.675999,12.576,9.476,8.926,0.376,0.374,2.1,0.0,5579.71
2013-06-30 00:00:00+00:00,22.425999,10.626,9.976,9.476,0.374,0.372,1.0,0.0,6152.28
2013-07-07 00:00:00+00:00,21.026,12.026,10.526,9.976,0.371,0.369,1.7,0.0,7149.95
2013-07-14 00:00:00+00:00,20.825998,12.676,11.126,10.526,0.369,0.366,0.1,0.0,8086.03
2013-07-21 00:00:00+00:00,22.575998,15.426,11.776,11.126,0.366,0.364,0.1,0.0,7314.04
2013-07-28 00:00:00+00:00,25.026,15.826,12.526,11.776,0.363,0.361,3.3,0.0,6983.98
2013-08-04 00:00:00+00:00,28.325998,15.326,13.176,12.526,0.361,0.358,2.0,0.0,6688.26
2013-08-11 00:00:00+00:00,22.425999,13.626,13.776,13.176,0.358,0.356,0.5,0.0,6447.72
2013-08-18 00:00:00+00:00,22.776,12.526,14.226,13.776,0.356,0.353,0.5,0.0,6521.8
2013-08-25 00:00:00+00:00,22.925999,14.526,14.626,14.226,0.353,0.351,2.5,0.0,6116.06
2013-09-01 00:00:00+00:00,22.075998,12.376,15.026,14.676,0.351,0.349,0.5,0.0,6384.55
2013-09-08 00:00:00+00:00,24.325998,11.826,15.326,15.026,0.349,0.347,0.7,0.0,5951.97
2013-09-15 00:00:00+00:00,18.276,9.926,15.476,15.326,0.347,0.345,2.7,0.0,5703.68
2013-09-22 00:00:00+00:00,18.776,9.376,15.526,15.426,0.345,0.344,1.4,0.0,5710.85
2013-09-29 00:00:00+00:00,18.325998,13.026,15.426,15.426,0.344,0.342,0.4,0.0,5785.32
2013-10-06 00:00:00+00:00,19.026,11.276,15.426,15.426,0.342,0.341,1.9,0.0,5684.75
2013-10-13 00:00:00+00:00,17.976,8.776,15.426,15.376,0.341,0.34,2.7,0.0,5704.61
2013-10-20 00:00:00+00:00,16.726,8.176,15.376,15.176,0.34,0.34,2.2,0.0,5949.01
2013-10-27 00:00:00+00:00,17.476,9.326,15.176,15.026,0.34,0.34,2.2,0.0,5958.62
2013-11-03 00:00:00+00:00,15.726,7.126,15.026,14.826,0.341,0.34,5.7,0.0,5812.1
2013-11-10 00:00:00+00:00,14.276,3.826,14.826,14.476,0.345,0.341,3.6,0.0,5580.15
2013-11-17 00:00:00+00:00,11.976,3.626,14.476,13.976,0.354,0.345,0.9,0.0,5668.32
2013-11-24 00:00:00+00:00,9.076,1.026,13.976,13.376,0.358,0.354,1.3,0.0,5876.43
2013-12-01 00:00:00+00:00,8.926,2.876,13.376,12.726,0.362,0.358,0.3,0.0,5815.03
2013-12-08 00:00:00+00:00,9.576,2.326,12.726,12.126,0.364,0.362,0.2,0.0,5713.28
2013-12-15 00:00:00+00:00,11.326,4.226,12.126,11.576,0.365,0.364,0.5,0.0,5691.43
2013-12-22 00:00:00+00:00,12.276,3.926,11.576,11.176,0.367,0.365,2.5,0.0,6002.85
2013-12-29 00:00:00+00:00,11.176,3.026,11.176,10.826,0.377,0.367,1.9,0.0,6123.82
2014-01-05 00:00:00+00:00,10.426,3.526,10.826,10.426,0.385,0.377,2.0,0.0,5606.1
2014-01-12 00:00:00+00:00,11.726,0.62600005,10.426,10.176,0.392,0.385,1.7,0.0,5645.78
2014-01-19 00:00:00+00:00,9.926,3.176,10.176,9.876,0.397,0.392,1.3,0.0,5569.18
2014-01-26 00:00:00+00:00,10.276,2.076,9.876,9.526,0.4,0.397,1.4,0.0,5724.32
2014-02-02 00:00:00+00:00,8.676,2.576,9.526,9.126,0.407,0.4,3.6,0.0,5793.43
2014-02-09 00:00:00+00:00,10.126,3.426,9.126,8.826,0.413,0.407,1.7,0.0,5865.2
2014-02-16 00:00:00+00:00,10.976,3.376,8.826,8.576,0.416,0.413,2.2,0.0,6138.83
2014-02-23 00:00:00+00:00,10.676,4.126,8.576,8.376,0.416,0.415,1.3,0.0,5844.15
2014-03-02 00:00:00+00:00,11.476,3.026,8.376,8.226,0.415,0.414,2.1,0.0,5393.03
2014-03-09 00:00:00+00:00,14.476,2.426,8.226,8.126,0.414,0.412,2.3,0.0,5236.72
2014-03-16 00:00:00+00:00,13.626,3.826,8.126,8.076,0.412,0.41,0.0,0.0,5383.47
2014-03-23 00:00:00+00:00,13.426,3.526,8.226,8.126,0.41,0.407,1.1,0.0,5150.57
2014-03-30 00:00:00+00:00,14.526,1.526,8.226,8.226,0.407,0.403,0.7,0.0,5793.3
2014-04-06 00:00:00+00:00,15.176,7.176,8.376,8.226,0.403,0.4,0.9,0.0,5865.24
2014-04-13 00:00:00+00:00,14.476,6.176,8.626,8.376,0.4,0.397,0.9,0.0,6064.0
2014-04-20 00:00:00+00:00,16.175999,5.626,8.876,8.626,0.397,0.394,1.8,0.0,5807.71
2014-04-27 00:00:00+00:00,14.976,8.626,9.076,8.876,0.394,0.39,1.1,0.0,6110.92
2014-05-04 00:00:00+00:00,15.276,5.476,9.326,9.076,0.39,0.387,1.1,0.0,6108.21
2014-05-11 00:00:00+00:00,16.626,7.076,9.576,9.326,0.387,0.385,2.0,0.0,6079.34
2014-05-18 00:00:00+00:00,18.925999,8.026,9.876,9.576,0.385,0.382,0.7,0.0,6573.61
2014-05-25 00:00:00+00:00,18.675999,10.926,10.276,9.876,0.382,0.379,4.8,0.0,6279.13
2014-06-01 00:00:00+00:00,16.726,10.676,10.676,10.276,0.379,0.376,1.0,0.0,5760.2
2014-06-08 00:00:00+00:00,21.425999,9.976,11.076,10.676,0.376,0.374,1.1,0.0,6821.56
2014-06-15 00:00:00+00:00,21.276,12.276,11.576,11.076,0.374,0.372,2.2,0.0,6573.16
2014-06-22 00:00:00+00:00,21.075998,11.426,12.076,11.576,0.372,0.369,0.4,0.0,6518.06
2014-06-29 00:00:00+00:00,20.175999,11.726,12.526,12.076,0.369,0.366,1.3,0.0,6656.53
2014-07-06 00:00:00+00:00,25.126,11.776,12.976,12.526,0.366,0.364,1.5,0.0,6610.04
2014-07-13 00:00:00+00:00,21.876,13.626,13.426,12.976,0.364,0.361,2.3,0.0,7083.56
2014-07-20 00:00:00+00:00,26.175999,13.376,13.876,13.426,0.361,0.359,2.1,0.0,6980.24
2014-07-27 00:00:00+00:00,25.026,15.776,14.426,13.876,0.359,0.356,0.5,0.0,6669.21
2014-08-03 00:00:00+00:00,23.776,14.076,14.976,14.476,0.356,0.354,2.0,0.0,6246.09
2014-08-10 00:00:00+00:00,23.226,15.126,15.426,14.976,0.354,0.352,5.7,0.0,6123.84
2014-08-17 00:00:00+00:00,20.226,12.876,15.726,15.426,0.352,0.35,1.8,0.0,5680.44
2014-08-24 00:00:00+00:00,18.476,10.576,15.876,15.726,0.35,0.348,1.1,0.0,6025.9
2014-08-31 00:00:00+00:00,20.976,12.876,15.926,15.876,0.348,0.347,2.9,0.0,6252.84
2014-09-07 00:00:00+00:00,20.175999,13.426,16.026,15.926,0.347,0.345,1.6,0.0,6219.95
2014-09-14 00:00:00+00:00,18.376,12.026,16.126,16.026,0.345,0.344,0.2,0.0,6153.13
2014-09-21 00:00:00+00:00,20.825998,12.526,16.226,16.126,0.344,0.343,1.1,0.0,6026.61
2014-09-28 00:00:00+00:00,20.026,10.676,16.276,16.226,0.343,0.341,0.3,0.0,5899.96
2014-10-05 00:00:00+00:00,20.325998,8.776,16.325998,16.276,0.341,0.34,1.1,0.0,6135.11
2014-10-12 00:00:00+00:00,16.575998,8.426,16.325998,16.226,0.34,0.339,2.0,0.0,5993.12
2014-10-19 00:00:00+00:00,19.825998,11.426,16.226,16.075998,0.339,0.338,2.9,0.0,5994.48
2014-10-26 00:00:00+00:00,16.226,8.926,16.075998,15.926,0.338,0.337,1.2,0.0,6079.68
2014-11-02 00:00:00+00:00,18.526,11.676,15.926,15.726,0.337,0.337,1.5,0.0,5644.89
2014-11-09 00:00:00+00:00,13.226,5.126,15.726,15.476,0.337,0.337,2.1,0.0,5882.92
2014-11-16 00:00:00+00:00,12.576,8.926,15.476,15.076,0.337,0.337,1.9,0.0,5672.37
2014-11-23 00:00:00+00:00,13.176,7.126,15.076,14.676,0.338,0.337,2.0,0.0,5758.94
2014-11-30 00:00:00+00:00,11.726,4.026,14.676,14.176,0.341,0.338,0.9,0.0,5851.71
2014-12-07 00:00:00+00:00,9.776,1.576,14.176,13.676,0.344,0.341,0.5,0.0,6285.78
2014-12-14 00:00:00+00:00,10.976,1.526,13.676,13.026,0.347,0.344,1.9,0.0,6615.72
2014-12-21 00:00:00+00:00,11.626,3.376,13.026,12.426,0.351,0.347,2.3,0.0,6144.38
2014-12-28 00:00:00+00:00,11.276,1.326,12.426,11.926,0.355,0.351,2.4,0.0,6977.41
2015-01-04 00:00:00+00:00,11.826,0.57600003,11.926,11.376,0.359,0.355,1.9,0.0,6830.85
2015-01-11 00:00:00+00:00,12.976,3.376,11.326,10.826,0.365,0.359,4.2,0.0,6549.9
2015-01-18 00:00:00+00:00,10.826,0.376,10.826,10.426,0.374,0.365,2.2,0.0,6761.37
2015-01-25 00:00:00+00:00,7.226,-0.524,10.426,9.876,0.379,0.374,1.5,0.0,7080.6
2015-02-01 00:00:00+00:00,9.126,0.426,9.876,9.326,0.382,0.379,1.1,0.0,7079.71
2015-02-08 00:00:00+00:00,6.826,-1.324,9.326,8.776,0.383,0.382,0.3,0.0,6908.59
2015-02-15 00:00:00+00:00,8.076,1.926,8.776,8.326,0.384,0.383,1.1,0.0,6892.51
2015-02-22 00:00:00+00:00,8.326,0.47599998,8.326,7.976,0.384,0.384,1.6,0.0,6431.34
2015-03-01 00:00:00+00:00,10.226,2.026,7.976,7.726,0.386,0.384,1.9,0.0,6635.66
2015-03-08 00:00:00+00:00,11.826,2.026,7.726,7.576,0.387,0.386,0.9,0.0,6530.69
2015-03-15 00:00:00+00:00,10.326,2.526,7.576,7.476,0.387,0.387,0.3,0.0,6672.6
2015-03-22 00:00:00+00:00,9.576,3.326,7.476,7.426,0.387,0.386,0.8,0.0,6893.37
2015-03-29 00:00:00+00:00,12.226,2.276,7.426,7.376,0.386,0.386,1.1,0.0,6472.0
2015-04-05 00:00:00+00:00,10.976,3.526,7.426,7.376,0.386,0.385,1.7,0.0,6460.05
2015-04-12 00:00:00+00:00,14.376,4.226,7.476,7.426,0.385,0.384,0.6,0.0,6193.78
2015-04-19 00:00:00+00:00,20.175999,5.376,7.726,7.476,0.384,0.383,0.1,0.0,6613.86
2015-04-26 00:00:00+00:00,16.126,6.176,7.976,7.726,0.383,0.381,1.4,0.0,5962.49
2015-05-03 00:00:00+00:00,16.075998,4.876,8.176,7.976,0.381,0.38,1.7,0.0,6168.98
2015-05-10 00:00:00+00:00,16.226,8.776,8.476,8.176,0.38,0.378,3.7,0.0,6479.16
2015-05-17 00:00:00+00:00,19.526,8.176,8.826,8.476,0.378,0.376,1.5,0.0,5979.43
2015-05-24 00:00:00+00:00,17.876,6.826,9.176,8.826,0.376,0.374,1.8,0.0,6610.62
2015-05-31 00:00:00+00:00,17.675999,8.126,9.526,9.176,0.374,0.372,0.8,0.0,6583.2
2015-06-07 00:00:00+00:00,22.925999,8.826,9.876,9.526,0.372,0.369,0.9,0.0,6709.33
2015-06-14 00:00:00+00:00,19.425999,9.926,10.326,9.876,0.369,0.367,1.4,0.0,7310.95
2015-06-21 00:00:00+00:00,21.425999,10.526,10.726,10.326,0.367,0.365,0.9,0.0,6921.04
2015-06-28 00:00:00+00:00,23.075998,11.726,11.176,10.726,0.365,0.362,1.1,0.0,7846.54
2015-07-05 00:00:00+00:00,27.026,13.976,11.826,11.226,0.362,0.36,3.9,0.0,7510.76
2015-07-12 00:00:00+00:00,22.976,12.076,12.426,11.826,0.36,0.357,0.3,0.0,7498.15
2015-07-19 00:00:00+00:00,21.876,13.726,12.976,12.426,0.357,0.355,1.2,0.0,7833.99
2015-07-26 00:00:00+00:00,23.026,12.676,13.476,12.976,0.355,0.353,2.7,0.0,6901.49
2015-08-02 00:00:00+00:00,20.925999,11.426,13.826,13.476,0.353,0.35,0.3,0.0,7743.83
2015-08-09 00:00:00+00:00,23.575998,14.076,14.176,13.826,0.35,0.348,0.1,0.0,7752.94
2015-08-16 00:00:00+00:00,22.526,14.126,14.576,14.176,0.348,0.346,9.6,0.0,7189.81
2015-08-23 00:00:00+00:00,24.026,13.576,14.876,14.576,0.346,0.345,1.1,0.0,6550.65
2015-08-30 00:00:00+00:00,20.226,12.976,15.176,14.876,0.344,0.343,2.9,0.0,6873.16
2015-09-06 00:00:00+00:00,17.575998,10.376,15.326,15.176,0.343,0.342,1.2,0.0,6779.38
2015-09-13 00:00:00+00:00,19.376,11.076,15.326,15.326,0.342,0.341,1.5,0.0,6664.44
2015-09-20 00:00:00+00:00,18.175999,11.526,15.376,15.326,0.341,0.34,2.3,0.0,6338.7
2015-09-27 00:00:00+00:00,16.726,10.276,15.326,15.276,0.34,0.339,2.6,0.0,6291.69
2015-10-04 00:00:00+00:00,15.776,10.776,15.276,15.226,0.339,0.338,0.0,0.0,5999.4
2015-10-11 00:00:00+00:00,17.026,9.126,15.226,15.126,0.338,0.338,1.8,0.0,6364.29
2015-10-18 00:00:00+00:00,13.876,8.876,15.126,14.976,0.338,0.337,0.6,0.0,6360.83
2015-10-25 00:00:00+00:00,14.276,6.976,14.976,14.676,0.337,0.337,1.5,0.0,6037.23
2015-11-01 00:00:00+00:00,15.276,8.276,14.676,14.476,0.337,0.337,3.7,0.0,6206.92
2015-11-08 00:00:00+00:00,16.776,9.026,14.476,14.226,0.337,0.337,2.0,0.0,6194.81
2015-11-15 00:00:00+00:00,15.226,8.226,14.226,14.076,0.339,0.337,1.8,0.0,6008.53
2015-11-22 00:00:00+00:00,14.826,0.726,14.076,13.876,0.341,0.339,2.3,0.0,6004.83
2015-11-29 00:00:00+00:00,12.526,2.026,13.876,13.376,0.344,0.341,1.6,0.0,6134.07
2015-12-06 00:00:00+00:00,12.926,6.776,13.376,12.976,0.349,0.344,1.0,0.0,6881.13
2015-12-13 00:00:00+00:00,12.476,5.576,12.976,12.676,0.353,0.349,1.7,0.0,6032.05
2015-12-20 00:00:00+00:00,14.176,6.776,12.676,12.376,0.358,0.353,1.6,0.0,6269.41
2015-12-27 00:00:00+00:00,13.576,6.626,12.376,12.226,0.365,0.358,2.0,0.0,6011.57
2016-01-03 00:00:00+00:00,11.926,2.476,12.226,12.026,0.369,0.365,2.5,0.0,5972.13
2016-01-10 00:00:00+00:00,10.176,4.276,12.026,11.676,0.377,0.369,2.6,0.0,6198.21
2016-01-17 00:00:00+00:00,7.476,1.2260001,11.676,11.226,0.384,0.377,1.8,0.0,6544.58
2016-01-24 00:00:00+00:00,11.176,-2.474,11.226,10.526,0.386,0.384,2.0,0.0,6836.29
2016-01-31 00:00:00+00:00,12.076,3.726,10.526,10.126,0.39,0.386,1.6,0.0,6829.42
2016-02-07 00:00:00+00:00,12.076,3.476,10.126,9.876,0.393,0.39,1.1,0.0,6671.54
2016-02-14 00:00:00+00:00,9.426,1.926,9.876,9.576,0.394,0.393,1.5,0.0,6931.06
2016-02-21 00:00:00+00:00,11.776,0.276,9.576,9.176,0.395,0.394,2.1,0.0,6494.41
2016-02-28 00:00:00+00:00,10.426,-0.62399995,9.176,8.826,0.396,0.395,0.8,0.0,6330.24
2016-03-06 00:00:00+00:00,10.526,-0.374,8.826,8.526,0.396,0.396,2.1,0.0,6127.96
2016-03-13 00:00:00+00:00,7.826,0.22600001,8.476,8.176,0.397,0.396,3.1,0.0,6291.05
2016-03-20 00:00:00+00:00,8.426,2.826,8.176,7.926,0.398,0.397,0.1,0.0,6357.69
2016-03-27 00:00:00+00:00,12.176,3.826,7.926,7.826,0.398,0.397,1.6,0.0,6569.53
2016-04-03 00:00:00+00:00,12.526,2.976,7.876,7.826,0.397,0.396,3.0,0.0,6236.34
2016-04-10 00:00:00+00:00,12.726,3.776,7.976,7.876,0.396,0.395,1.1,0.0,5913.45
2016-04-17 00:00:00+00:00,14.226,2.876,8.076,7.976,0.395,0.394,2.1,0.0,6080.11
2016-04-24 00:00:00+00:00,11.826,3.876,8.226,8.076,0.394,0.393,1.0,0.0,6102.69
2016-05-01 00:00:00+00:00,13.526,2.876,8.276,8.226,0.393,0.392,1.3,0.0,6314.38
2016-05-08 00:00:00+00:00,18.075998,5.726,8.426,8.276,0.392,0.39,0.6,0.0,6563.4
2016-05-15 00:00:00+00:00,16.876,6.676,8.876,8.426,0.39,0.388,0.7,0.0,6331.42
2016-05-22 00:00:00+00:00,16.776,8.576,9.276,8.876,0.388,0.385,1.6,0.0,6836.72
2016-05-29 00:00:00+00:00,18.175999,8.976,9.676,9.276,0.385,0.382,0.7,0.0,6582.91
2016-06-05 00:00:00+00:00,20.376,10.626,10.076,9.676,0.382,0.38,2.4,0.0,6903.93
2016-06-12 00:00:00+00:00,20.126,11.276,10.526,10.076,0.38,0.377,1.5,0.0,6782.24
2016-06-19 00:00:00+00:00,19.075998,11.326,11.026,10.526,0.377,0.375,1.5,0.0,7164.71
2016-06-26 00:00:00+00:00,22.175999,12.926,11.526,11.026,0.375,0.373,4.1,0.0,7306.09
2016-07-03 00:00:00+00:00,19.526,11.776,11.976,11.526,0.373,0.371,1.5,0.0,7558.79
2016-07-10 00:00:00+00:00,22.075998,12.226,12.476,11.976,0.371,0.37,0.4,0.0,7470.17
2016-07-17 00:00:00+00:00,23.726,12.126,12.926,12.476,0.37,0.368,1.3,0.0,8156.25
2016-07-24 00:00:00+00:00,27.526,15.626,13.476,12.926,0.368,0.366,0.2,0.0,8140.18
2016-07-31 00:00:00+00:00,22.526,14.926,14.076,13.476,0.366,0.364,0.7,0.0,8027.65
2016-08-07 00:00:00+00:00,23.175999,14.726,14.576,14.126,0.364,0.362,4.0,0.0,8505.21
2016-08-14 00:00:00+00:00,23.825998,12.226,14.976,14.576,0.362,0.36,0.5,0.0,8410.09
2016-08-21 00:00:00+00:00,20.825998,15.976,15.326,14.976,0.36,0.358,1.7,0.0,8621.77
2016-08-28 00:00:00+00:00,27.575998,16.126,15.726,15.326,0.358,0.356,9.4,0.0,8525.34
2016-09-04 00:00:00+00:00,22.575998,14.676,16.075998,15.726,0.356,0.354,1.7,0.0,9016.45
2016-09-11 00:00:00+00:00,23.575998,14.226,16.376,16.075998,0.354,0.352,1.1,0.0,9535.65
2016-09-18 00:00:00+00:00,25.476,14.576,16.675999,16.376,0.352,0.35,3.5,0.0,8375.54
2016-09-25 00:00:00+00:00,21.325998,11.776,16.825998,16.675999,0.35,0.348,0.1,0.0,8500.45
2016-10-02 00:00:00+00:00,21.325998,10.726,16.925999,16.825998,0.348,0.347,1.3,0.0,8491.99
2016-10-09 00:00:00+00:00,16.226,9.876,16.925999,16.776,0.347,0.346,0.3,0.0,8837.39
2016-10-16 00:00:00+00:00,16.026,8.776,16.776,16.575998,0.346,0.344,1.1,0.0,8208.11
2016-10-23 00:00:00+00:00,16.126,9.026,16.526,16.226,0.344,0.343,0.5,0.0,8787.48
2016-10-30 00:00:00+00:00,15.676,9.226,16.226,15.926,0.343,0.342,0.7,0.0,8686.71
2016-11-06 00:00:00+00:00,14.976,3.826,15.926,15.576,0.342,0.341,1.5,0.0,9273.02
2016-11-13 00:00:00+00:00,9.976,2.576,15.576,15.026,0.341,0.34,1.9,0.0,9254.01
2016-11-20 00:00:00+00:00,13.476,3.476,15.026,14.476,0.34,0.339,3.0,0.0,9090.93
2016-11-27 00:00:00+00:00,12.626,5.676,14.476,13.976,0.339,0.339,2.2,0.0,8552.78
2016-12-04 00:00:00+00:00,8.626,-0.374,13.976,13.426,0.339,0.339,0.0,0.0,9013.61
2016-12-11 00:00:00+00:00,12.326,4.026,13.376,12.826,0.339,0.338,1.6,0.0,8480.92
2016-12-18 00:00:00+00:00,11.426,5.176,12.826,12.426,0.338,0.338,0.8,0.0,8331.37
2016-12-25 00:00:00+00:00,11.526,4.876,12.426,12.026,0.338,0.338,0.7,0.0,8578.42
2017-01-01 00:00:00+00:00,11.376,1.376,11.976,11.626,0.338,0.02,0.8,0.0,8623.01
2017-01-08 00:00:00+00:00,10.0,-1.4,11.7,11.15,0.021,0.02,0.5,0.0,8357.95
2017-01-15 00:00:00+00:00,10.65,-0.15,11.15,10.75,0.022,0.021,4.3,0.0,8378.33
2017-01-22 00:00:00+00:00,5.75,-3.0,10.75,10.25,0.022,0.022,0.0,0.0,9758.62
2017-01-29 00:00:00+00:00,9.4,-3.35,10.25,9.65,0.023,0.022,3.3,0.0,9696.17
2017-02-05 00:00:00+00:00,10.55,3.25,9.65,9.2,0.024,0.023,2.8,0.0,8703.18
2017-02-12 00:00:00+00:00,8.6,0.2,9.2,8.9,0.026,0.024,1.6,0.0,8599.48
2017-02-19 00:00:00+00:00,11.8,2.3,8.9,8.6,0.028,0.026,1.0,0.0,7988.01
2017-02-26 00:00:00+00:00,15.55,3.25,8.6,8.5,0.03,0.028,0.8,0.0,7945.68
2017-03-05 00:00:00+00:00,10.6,1.5,8.5,8.45,0.032,0.03,2.3,0.0,7624.0
2017-03-12 00:00:00+00:00,15.2,3.1,8.45,8.4,0.034,0.032,1.7,0.0,7149.27
2017-03-19 00:00:00+00:00,15.45,4.75,8.45,8.4,0.036,0.034,1.2,0.0,6771.09
2017-03-26 00:00:00+00:00,12.0,4.55,8.5,8.45,0.038,0.036,1.8,0.0,6724.06
2017-04-02 00:00:00+00:00,19.1,4.7,8.65,8.5,0.039,0.038,1.4,0.0,6641.13
2017-04-09 00:00:00+00:00,20.9,5.2,8.8,8.65,0.04,0.039,0.1,0.0,6868.41
2017-04-16 00:00:00+00:00,15.15,5.9,9.0,8.8,0.041,0.04,0.5,0.0,7117.32
2017-04-23 00:00:00+00:00,15.25,4.0,9.2,9.0,0.041,0.041,0.3,0.0,6575.5
2017-04-30 00:00:00+00:00,16.1,1.2,9.35,9.2,0.042,0.041,1.8,0.0,7013.06
2017-05-07 00:00:00+00:00,15.3,7.5,9.5,9.35,0.042,0.042,1.3,0.0,7138.54
2017-05-14 00:00:00+00:00,18.4,4.65,9.65,9.5,0.043,0.042,2.0,0.0,6911.54
2017-05-21 00:00:00+00:00,22.95,7.75,9.95,9.65,0.043,0.043,4.0,0.0,7555.4
2017-05-28 00:00:00+00:00,23.25,12.15,10.3,9.95,0.043,0.043,0.5,0.0,7705.28
2017-06-04 00:00:00+00:00,23.15,11.25,10.75,10.3,0.043,0.043,2.5,0.0,7178.89
2017-06-11 00:00:00+00:00,22.7,10.75,11.2,10.75,0.043,0.043,3.0,0.0,7573.48
2017-06-18 00:00:00+00:00,27.65,11.4,11.65,11.2,0.044,0.043,0.1,0.0,8769.47
2017-06-25 00:00:00+00:00,25.15,14.65,12.25,11.65,0.044,0.044,1.4,0.0,7822.75
2017-07-02 00:00:00+00:00,22.15,11.4,12.75,12.25,0.044,0.044,2.3,0.0,8378.39
2017-07-09 00:00:00+00:00,26.15,14.25,13.25,12.8,0.044,0.044,0.5,0.0,8046.4
2017-07-16 00:00:00+00:00,24.2,11.45,13.7,13.25,0.044,0.04,3.9,0.0,8138.54
2017-07-23 00:00:00+00:00,25.8,12.25,14.15,13.75,0.04,0.04,2.1,0.0,7770.65
2017-07-30 00:00:00+00:00,22.05,13.65,14.45,14.15,0.04,0.04,3.9,0.0,7879.58
2017-08-06 00:00:00+00:00,22.15,11.2,14.7,14.45,0.04,0.04,4.1,0.0,7646.54
2017-08-13 00:00:00+00:00,21.4,11.0,14.9,14.7,0.04,0.04,4.2,0.0,7841.54
2017-08-20 00:00:00+00:00,22.95,11.55,15.1,14.9,0.04,0.04,4.9,0.0,7663.56
2017-08-27 00:00:00+00:00,24.05,11.4,15.3,15.1,0.04,0.04,0.8,0.0,7934.53
2017-09-03 00:00:00+00:00,25.65,9.85,15.55,15.3,0.04,0.04,1.5,0.0,7368.4
2017-09-10 00:00:00+00:00,21.35,9.1,15.65,15.55,0.04,0.04,2.1,0.0,7353.06
2017-09-17 00:00:00+00:00,18.45,7.85,15.7,15.65,0.04,0.04,2.6,0.0,7426.36
2017-09-24 00:00:00+00:00,19.1,8.4,15.7,15.65,0.04,0.04,0.9,0.0,7190.53
2017-10-01 00:00:00+00:00,20.05,10.85,15.65,15.6,0.04,0.04,3.1,0.0,7130.3
2017-10-08 00:00:00+00:00,17.25,8.3,15.6,15.55,0.04,0.04,0.7,0.0,7429.16
2017-10-15 00:00:00+00:00,20.75,9.05,15.55,15.45,0.04,0.04,0.8,0.0,7280.36
2017-10-22 00:00:00+00:00,22.15,9.7,15.45,15.4,0.04,0.04,2.0,0.0,7318.14
2017-10-29 00:00:00+00:00,18.25,6.25,15.4,15.3,0.04,0.04,1.1,0.0,7261.83
2017-11-05 00:00:00+00:00,14.4,3.85,15.3,15.05,0.04,0.04,1.4,0.0,7316.75
2017-11-12 00:00:00+00:00,11.7,1.05,15.05,14.75,0.04,0.04,1.8,0.0,7263.2
2017-11-19 00:00:00+00:00,12.35,1.3,14.75,14.3,0.04,0.04,1.2,0.0,7195.28
2017-11-26 00:00:00+00:00,15.5,-1.25,14.3,13.9,0.041,0.04,3.3,0.0,7127.78
2017-12-03 00:00:00+00:00,10.2,-0.65,13.9,13.4,0.041,0.041,1.0,0.0,7211.51
2017-12-10 00:00:00+00:00,11.55,-0.85,13.4,12.9,0.041,0.041,4.0,0.0,7630.66
2017-12-17 00:00:00+00:00,9.45,-2.3,12.9,12.35,0.041,0.041,1.3,0.0,7943.43
2017-12-24 00:00:00+00:00,11.15,-0.6,12.35,11.8,0.042,0.041,0.3,0.0,7415.1
2017-12-31 00:00:00+00:00,12.9,-1.05,11.8,11.4,0.042,0.041,2.9,0.0,7438.16
2018-01-07 00:00:00+00:00,12.5,1.55,11.4,11.05,0.043,0.042,2.9,0.0,7108.35
2018-01-14 00:00:00+00:00,9.3,2.95,11.05,10.65,0.044,0.043,1.2,0.0,7126.83
2018-01-21 00:00:00+00:00,10.75,0.6,10.65,10.3,0.046,0.044,2.1,0.0,7371.88
2018-01-28 00:00:00+00:00,12.75,0.05,10.3,9.95,0.048,0.046,4.9,0.0,6988.63
2018-02-04 00:00:00+00:00,11.35,-0.65,9.95,9.7,0.05,0.048,0.9,0.0,7246.32
2018-02-11 00:00:00+00:00,9.8,-2.85,9.7,9.3,0.052,0.05,1.7,0.0,7509.98
2018-02-18 00:00:00+00:00,9.55,-0.5,9.3,8.9,0.055,0.052,2.2,0.0,7144.5
2018-02-25 00:00:00+00:00,8.9,0.5,8.9,8.6,0.058,0.055,0.6,0.0,8125.91
2018-03-04 00:00:00+00:00,8.3,-4.9,8.6,8.15,0.06,0.058,1.5,0.0,9741.77
2018-03-11 00:00:00+00:00,12.4,0.85,8.15,7.8,0.063,0.06,1.1,0.0,8078.33
2018-03-18 00:00:00+00:00,11.55,0.1,7.8,7.65,0.067,0.063,1.0,0.0,7571.99
2018-03-25 00:00:00+00:00,11.85,-0.4,7.65,7.5,0.07,0.067,0.4,0.0,7431.72
2018-04-01 00:00:00+00:00,12.25,0.95,7.5,7.4,0.073,0.07,2.3,0.0,7271.27
2018-04-08 00:00:00+00:00,16.4,4.9,7.4,7.4,0.077,0.073,2.2,0.0,6766.67
2018-04-15 00:00:00+00:00,14.85,5.6,7.6,7.4,0.081,0.077,1.2,0.0,7000.26
2018-04-22 00:00:00+00:00,23.6,8.25,7.9,7.6,0.085,0.082,1.0,0.0,6903.06
2018-04-29 00:00:00+00:00,15.75,6.75,8.3,7.9,0.088,0.085,1.0,0.0,6552.58
2018-05-06 00:00:00+00:00,16.5,3.9,8.55,8.3,0.09,0.088,2.1,0.0,7005.69
2018-05-13 00:00:00+00:00,23.65,7.25,8.95,8.55,0.091,0.09,2.9,0.0,6577.54
2018-05-20 00:00:00+00:00,20.9,5.65,9.35,8.95,0.092,0.091,0.1,0.0,6929.23
2018-05-27 00:00:00+00:00,21.3,9.6,9.85,9.35,0.093,0.092,1.5,0.0,7361.68
2018-06-03 00:00:00+00:00,22.05,13.2,10.45,9.85,0.094,0.093,2.2,0.0,7209.77
2018-06-10 00:00:00+00:00,18.2,9.6,10.7,10.35,0.094,0.077,0.9,0.0,7554.68
2018-06-17 00:00:00+00:00,21.8,8.65,11.15,10.7,0.078,0.077,1.3,0.0,8711.87
2018-06-24 00:00:00+00:00,25.45,10.3,11.6,11.15,0.078,0.078,0.2,0.0,9096.08
2018-07-01 00:00:00+00:00,23.8,12.55,12.1,11.6,0.078,0.078,0.0,0.0,9042.39
2018-07-08 00:00:00+00:00,26.35,13.8,12.65,12.1,0.078,0.078,0.2,0.0,8911.54
2018-07-15 00:00:00+00:00,25.6,13.45,13.2,12.65,0.079,0.078,0.4,0.0,8986.51
2018-07-22 00:00:00+00:00,28.0,15.25,13.75,13.2,0.079,0.079,0.2,0.0,9549.65
2018-07-29 00:00:00+00:00,31.1,16.95,14.3,13.75,0.079,0.079,1.9,0.0,9065.67
2018-08-05 00:00:00+00:00,27.3,14.0,14.85,14.3,0.079,0.079,3.2,0.0,9229.57
2018-08-12 00:00:00+00:00,30.35,9.7,15.3,14.85,0.079,0.079,4.5,0.0,8709.68
2018-08-19 00:00:00+00:00,23.8,11.25,15.65,15.3,0.079,0.079,4.3,0.0,8885.49
2018-08-26 00:00:00+00:00,24.6,9.35,15.9,15.65,0.079,0.079,3.1,0.0,8443.73
2018-09-02 00:00:00+00:00,20.75,11.5,16.1,15.9,0.079,0.079,1.0,0.0,8061.72
2018-09-09 00:00:00+00:00,22.1,9.6,16.2,16.1,0.079,0.079,0.9,0.0,8224.67
2018-09-16 00:00:00+00:00,22.0,8.95,16.25,16.2,0.079,0.079,0.3,0.0,8246.24
2018-09-23 00:00:00+00:00,23.35,7.85,16.3,16.25,0.079,0.079,3.6,0.0,7777.52
2018-09-30 00:00:00+00:00,21.05,3.65,16.3,16.25,0.079,0.079,0.2,0.0,7795.13
2018-10-07 00:00:00+00:00,20.65,7.1,16.25,16.15,0.079,0.079,1.8,0.0,7630.93
2018-10-14 00:00:00+00:00,23.1,7.95,16.15,16.05,0.079,0.079,0.9,0.0,7511.54
2018-10-21 00:00:00+00:00,20.55,5.75,16.05,15.95,0.079,0.079,0.7,0.0,7357.83
2018-10-28 00:00:00+00:00,17.85,3.35,15.95,15.8,0.079,0.079,2.9,0.0,7338.02
2018-11-04 00:00:00+00:00,12.9,2.1,15.8,15.5,0.079,0.079,1.6,0.0,7690.41
2018-11-11 00:00:00+00:00,16.0,6.55,15.5,15.2,0.079,0.079,2.1,0.0,7462.25
2018-11-18 00:00:00+00:00,13.85,7.7,15.2,14.9,0.079,0.079,0.0,0.0,7264.82
2018-11-25 00:00:00+00:00,9.5,0.5,14.9,14.55,0.079,0.079,1.2,0.0,7602.4
2018-12-02 00:00:00+00:00,14.4,2.1,14.55,14.15,0.079,0.079,2.1,0.0,7588.7
2018-12-09 00:00:00+00:00,12.9,2.9,14.15,13.8,0.079,0.079,1.6,0.0,7566.05
2018-12-16 00:00:00+00:00,8.75,1.0,13.8,13.4,0.079,0.079,3.6,0.0,7757.59
2018-12-23 00:00:00+00:00,12.95,3.9,13.4,13.0,0.08,0.079,1.9,0.0,7539.75
2018-12-30 00:00:00+00:00,11.55,1.05,13.0,12.55,0.08,0.08,0.2,0.0,7341.02
2019-01-06 00:00:00+00:00,10.5,-1.95,12.55,12.15,0.081,0.08,0.1,0.0,6389.5
2019-01-13 00:00:00+00:00,10.9,1.35,12.15,11.7,0.082,0.081,0.4,0.0,6323.21
2019-01-20 00:00:00+00:00,8.75,-1.75,11.7,11.25,0.083,0.082,1.0,0.0,6453.54
2019-01-27 00:00:00+00:00,10.0,-3.65,11.25,10.75,0.084,0.083,2.5,0.0,6831.05
2019-02-03 00:00:00+00:00,5.5,-4.15,10.75,10.25,0.084,0.084,1.5,0.0,7063.11
2019-02-10 00:00:00+00:00,11.35,2.8,10.25,9.85,0.085,0.084,2.3,0.0,6818.79
2019-02-17 00:00:00+00:00,12.95,0.4,9.85,9.55,0.087,0.085,0.0,0.0,6620.39
2019-02-24 00:00:00+00:00,13.25,2.7,9.55,9.3,0.088,0.087,0.6,0.0,6280.53
2019-03-03 00:00:00+00:00,16.4,1.5,9.3,9.2,0.089,0.088,0.6,0.0,6084.39
2019-03-10 00:00:00+00:00,12.9,3.7,9.2,9.1,0.091,0.089,2.9,0.0,6107.17
2019-03-17 00:00:00+00:00,13.95,3.4,9.1,9.05,0.092,0.091,3.3,0.0,5903.79
2019-03-24 00:00:00+00:00,13.45,2.15,9.05,9.0,0.094,0.092,0.7,0.0,5903.3
2019-03-31 00:00:00+00:00,14.65,1.2,9.0,9.0,0.095,0.094,0.4,0.0,6484.34
2019-04-07 00:00:00+00:00,14.3,0.3,9.0,9.0,0.096,0.095,1.3,0.0,5337.11
2019-04-14 00:00:00+00:00,14.95,3.0,9.0,9.0,0.097,0.096,0.5,0.0,5429.58
2019-04-21 00:00:00+00:00,17.9,3.85,9.05,9.0,0.098,0.097,0.2,0.0,5656.35
2019-04-28 00:00:00+00:00,18.15,7.15,9.2,9.05,0.099,0.098,1.2,0.0,5553.16
2019-05-05 00:00:00+00:00,15.85,4.0,9.4,9.2,0.099,0.099,1.0,0.0,5814.56
2019-05-12 00:00:00+00:00,15.3,5.55,9.55,9.4,0.099,0.099,3.9,0.0,6081.44
2019-05-19 00:00:00+00:00,15.85,7.25,9.75,9.55,0.1,0.099,0.4,0.0,6814.96
2019-05-26 00:00:00+00:00,22.8,8.8,10.0,9.75,0.1,0.1,0.7,0.0,6726.03
2019-06-02 00:00:00+00:00,26.0,9.6,10.4,10.0,0.1,0.1,2.3,0.0,6709.82
2019-06-09 00:00:00+00:00,18.95,10.0,10.8,10.4,0.1,0.1,2.5,0.0,6036.56
2019-06-16 00:00:00+00:00,18.95,9.55,11.15,10.8,0.1,0.1,1.6,0.0,6622.82
2019-06-23 00:00:00+00:00,20.6,11.1,11.5,11.15,0.1,0.1,4.6,0.0,6410.42
2019-06-30 00:00:00+00:00,25.8,14.0,11.9,11.5,0.1,0.1,13.1,0.0,7426.06
2019-07-07 00:00:00+00:00,24.75,11.35,12.35,11.9,0.1,0.1,1.0,0.0,7546.35
2019-07-14 00:00:00+00:00,25.45,12.6,12.8,12.35,0.103,0.1,0.9,0.0,7292.87
2019-07-21 00:00:00+00:00,24.45,12.0,13.25,12.8,0.1,0.1,3.9,0.0,7709.74
2019-07-28 00:00:00+00:00,32.75,15.15,13.75,13.25,0.1,0.1,6.7,0.0,7469.05
2019-08-04 00:00:00+00:00,24.45,13.9,14.2,13.75,0.1,0.1,0.4,0.0,7227.01
2019-08-11 00:00:00+00:00,24.4,14.25,14.6,14.2,0.1,0.1,2.6,0.0,6660.49
2019-08-18 00:00:00+00:00,21.75,11.65,14.9,14.6,0.1,0.1,4.3,0.0,6981.66
2019-08-25 00:00:00+00:00,27.5,11.3,15.1,14.9,0.1,0.1,2.5,0.0,7858.03
2019-09-01 00:00:00+00:00,27.8,12.4,15.35,15.1,0.1,0.1,0.5,0.0,7338.61
2019-09-08 00:00:00+00:00,21.55,9.4,15.6,15.35,0.1,0.1,2.5,0.0,6496.89
2019-09-15 00:00:00+00:00,25.1,9.05,15.75,15.6,0.1,0.1,1.5,0.0,7348.0
2019-09-22 00:00:00+00:00,24.0,8.8,15.85,15.75,0.1,0.1,1.8,0.0,6355.69
2019-09-29 00:00:00+00:00,20.15,12.45,15.9,15.85,0.1,0.1,4.2,0.0,6371.23
2019-10-06 00:00:00+00:00,18.65,3.9,15.95,15.9,0.1,0.1,5.3,0.0,6041.86
2019-10-13 00:00:00+00:00,17.75,9.0,15.9,15.8,0.1,0.1,3.3,0.0,6046.78
2019-10-20 00:00:00+00:00,16.85,4.55,15.8,15.6,0.1,0.1,4.3,0.0,6061.28
2019-10-27 00:00:00+00:00,17.4,4.95,15.6,15.35,0.101,0.1,2.5,0.0,6086.54
2019-11-03 00:00:00+00:00,15.5,2.45,15.35,15.05,0.101,0.101,1.7,0.0,6097.79
2019-11-10 00:00:00+00:00,12.6,1.0,15.05,14.7,0.102,0.101,1.7,0.0,6226.32
2019-11-17 00:00:00+00:00,9.0,3.45,14.7,14.2,0.103,0.102,2.0,0.0,7062.34
2019-11-24 00:00:00+00:00,11.9,-1.6,14.2,13.65,0.105,0.103,0.5,0.0,7166.35
2019-12-01 00:00:00+00:00,12.75,-0.3,13.65,13.2,0.107,0.105,3.4,0.0,7411.37
2019-12-08 00:00:00+00:00,12.3,0.2,13.2,12.65,0.109,0.107,1.3,0.0,8064.44
2019-12-15 00:00:00+00:00,10.95,1.0,12.65,12.15,0.112,0.109,3.6,0.0,8027.37
2019-12-22 00:00:00+00:00,12.75,3.65,12.15,11.7,0.116,0.112,2.8,0.0,7769.14
2019-12-29 00:00:00+00:00,11.2,1.25,11.7,11.35,0.123,0.116,1.7,0.0,8874.81
2020-01-05 00:00:00+00:00,10.7,2.2,11.3,10.95,0.128,0.123,0.6,0.0,7098.67
2020-01-12 00:00:00+00:00,13.4,4.45,10.95,10.6,0.134,0.128,1.0,0.0,7060.4
2020-01-19 00:00:00+00:00,13.0,-1.3,10.6,10.4,0.139,0.134,2.3,0.0,6919.39
2020-01-26 00:00:00+00:00,10.1,-2.05,10.4,10.0,0.144,0.139,1.3,0.0,6863.16
2020-02-02 00:00:00+00:00,12.7,2.8,10.0,9.65,0.148,0.144,1.9,0.0,6816.45
2020-02-09 00:00:00+00:00,12.5,0.95,9.65,9.45,0.152,0.148,1.9,0.0,6715.87
2020-02-16 00:00:00+00:00,12.8,0.9,9.45,9.2,0.156,0.152,2.6,0.0,6925.72
2020-02-23 00:00:00+00:00,14.45,2.6,9.2,9.05,0.162,0.156,2.5,0.0,6969.1
2020-03-01 00:00:00+00:00,11.1,0.85,9.05,8.85,0.168,0.162,1.6,0.0,6820.08
2020-03-08 00:00:00+00:00,12.25,1.2,8.85,8.65,0.173,0.168,2.4,0.0,7458.12
2020-03-15 00:00:00+00:00,14.3,4.55,8.65,8.55,0.178,0.173,1.5,0.0,7433.17
2020-03-22 00:00:00+00:00,13.65,3.05,8.55,8.5,0.183,0.178,0.1,0.0,6870.09
2020-03-29 00:00:00+00:00,11.25,2.0,8.5,8.45,0.187,0.183,0.2,0.0,5635.4
2020-04-05 00:00:00+00:00,17.7,0.05,8.45,8.35,0.189,0.187,0.3,0.0,5066.55
2020-04-12 00:00:00+00:00,22.0,6.95,8.45,8.35,0.19,0.189,0.2,0.0,5274.65
2020-04-19 00:00:00+00:00,14.05,3.3,8.65,8.45,0.191,0.19,1.2,0.0,5151.72
2020-04-26 00:00:00+00:00,15.75,3.8,8.9,8.65,0.191,0.191,0.0,0.0,4831.65
2020-05-03 00:00:00+00:00,17.45,6.15,9.1,8.9,0.191,0.191,3.2,0.0,5271.9
2020-05-10 00:00:00+00:00,19.5,6.7,9.35,9.1,0.191,0.191,0.2,0.0,5428.64
2020-05-17 00:00:00+00:00,20.2,3.25,9.6,9.35,0.191,0.191,0.1,0.0,6002.68
2020-05-24 00:00:00+00:00,25.1,10.35,10.0,9.6,0.191,0.191,0.2,0.0,6177.5
2020-05-31 00:00:00+00:00,22.6,10.9,10.55,10.0,0.191,0.191,0.0,0.0,6227.72
2020-06-07 00:00:00+00:00,22.9,7.7,11.05,10.55,0.191,0.19,1.0,0.0,5447.05
2020-06-14 00:00:00+00:00,22.45,7.8,11.45,11.1,0.19,0.19,1.1,0.0,5677.36
2020-06-21 00:00:00+00:00,21.85,12.15,11.9,11.45,0.19,0.19,3.1,0.0,6101.7
2020-06-28 00:00:00+00:00,28.2,10.75,12.35,11.9,0.19,0.19,0.8,0.0,5778.61
2020-07-05 00:00:00+00:00,21.8,12.6,12.8,12.35,0.191,0.19,1.1,0.0,5774.75
2020-07-12 00:00:00+00:00,20.5,10.3,13.25,12.8,0.191,0.19,2.8,0.0,5807.85
2020-07-19 00:00:00+00:00,25.15,12.2,13.6,13.25,0.19,0.19,0.8,0.0,6332.78
2020-07-26 00:00:00+00:00,24.15,11.45,14.0,13.6,0.19,0.19,3.3,0.0,6690.07
2020-08-02 00:00:00+00:00,31.95,10.75,14.4,14.0,0.19,0.19,0.5,0.0,6765.55
2020-08-09 00:00:00+00:00,33.0,12.7,14.8,14.4,0.19,0.19,0.3,0.0,6825.43
2020-08-16 00:00:00+00:00,27.5,17.55,15.35,14.85,0.19,0.189,8.2,0.0,6256.75
2020-08-23 00:00:00+00:00,25.1,14.85,15.8,15.4,0.189,0.189,3.5,0.0,5836.2
2020-08-30 00:00:00+00:00,22.05,11.75,16.1,15.8,0.189,0.189,3.6,0.0,5496.28
2020-09-06 00:00:00+00:00,23.0,9.3,16.25,16.1,0.189,0.189,0.8,0.0,5508.01
2020-09-13 00:00:00+00:00,24.1,10.1,16.3,16.25,0.189,0.189,0.0,0.0,5747.22
2020-09-20 00:00:00+00:00,26.3,12.85,16.4,16.3,0.189,0.189,0.0,0.0,5762.64
2020-09-27 00:00:00+00:00,23.95,7.85,16.5,16.4,0.189,0.189,2.6,0.0,6123.97
2020-10-04 00:00:00+00:00,18.4,9.25,16.5,16.45,0.189,0.189,3.7,0.0,5818.52
2020-10-11 00:00:00+00:00,17.55,5.95,16.45,16.25,0.189,0.189,3.5,0.0,5285.18
2020-10-18 00:00:00+00:00,13.85,6.95,16.25,15.95,0.189,0.189,1.6,0.0,5117.91
2020-10-25 00:00:00+00:00,17.85,8.9,15.95,15.65,0.189,0.189,5.5,0.0,5020.03
2020-11-01 00:00:00+00:00,17.2,7.15,15.65,15.35,0.189,0.189,3.2,0.0,5022.07
2020-11-08 00:00:00+00:00,17.35,1.55,15.3,15.0,0.189,0.189,1.4,0.0,5012.66
2020-11-15 00:00:00+00:00,16.5,7.75,15.0,14.65,0.189,0.189,3.7,0.0,5013.7
2020-11-22 00:00:00+00:00,15.25,2.65,14.65,14.35,0.189,0.189,0.9,0.0,5304.97
2020-11-29 00:00:00+00:00,13.2,2.1,14.3,13.9,0.189,0.189,0.0,0.0,5430.53
2020-12-06 00:00:00+00:00,9.75,0.15,13.9,13.45,0.19,0.189,3.3,0.0,5915.12
2020-12-13 00:00:00+00:00,11.6,0.25,13.45,12.8,0.191,0.19,2.8,0.0,6061.63
2020-12-20 00:00:00+00:00,12.25,6.3,12.8,12.3,0.192,0.191,0.9,0.0,6198.17
2020-12-27 00:00:00+00:00,13.55,0.45,12.3,11.95,0.195,0.192,2.4,0.0,6153.0
2021-01-03 00:00:00+00:00,5.4,-2.25,11.9,11.35,0.198,0.195,1.2,0.0,7509.55
2021-01-10 00:00:00+00:00,5.35,-2.1,11.35,10.7,0.202,0.198,0.8,0.0,7528.36
2021-01-17 00:00:00+00:00,8.7,-0.1,10.7,10.0,0.208,0.202,3.1,0.0,7936.37
2021-01-24 00:00:00+00:00,11.25,-3.0,10.0,9.5,0.215,0.208,1.1,0.0,7405.36
2021-01-31 00:00:00+00:00,12.1,-1.5,9.5,9.05,0.224,0.215,3.5,0.0,8236.29
2021-02-07 00:00:00+00:00,12.15,-0.85,9.05,8.75,0.235,0.224,1.2,0.0,8222.16
2021-02-14 00:00:00+00:00,3.65,-3.0,8.75,8.35,0.243,0.235,0.6,0.0,8560.0
2021-02-21 00:00:00+00:00,14.1,3.75,8.35,8.05,0.251,0.243,0.9,0.0,7269.46
2021-02-28 00:00:00+00:00,14.9,0.45,8.05,8.0,0.256,0.251,0.5,0.0,7289.92
2021-03-07 00:00:00+00:00,9.15,-0.45,8.0,7.9,0.259,0.256,0.6,0.0,7234.43
2021-03-14 00:00:00+00:00,11.55,-1.8,7.9,7.75,0.262,0.259,1.4,0.0,6755.78
2021-03-21 00:00:00+00:00,12.2,1.35,7.75,7.7,0.263,0.262,0.9,0.0,6637.12
2021-03-28 00:00:00+00:00,12.8,2.6,7.7,7.65,0.264,0.263,1.1,0.0,6650.63
2021-04-04 00:00:00+00:00,20.95,3.45,7.75,7.65,0.264,0.264,0.1,0.0,5916.68
2021-04-11 00:00:00+00:00,12.3,-0.95,7.75,7.75,0.265,0.264,0.9,0.0,5769.3
2021-04-18 00:00:00+00:00,11.7,-0.9,7.75,7.7,0.265,0.265,0.3,0.0,5986.05
2021-04-25 00:00:00+00:00,11.9,1.8,7.75,7.7,0.265,0.265,0.0,0.0,6540.7
2021-05-02 00:00:00+00:00,11.6,1.7,7.85,7.75,0.265,0.264,0.3,0.0,5834.16
2021-05-09 00:00:00+00:00,18.35,2.65,8.0,7.85,0.264,0.264,2.0,0.0,5168.57
2021-05-16 00:00:00+00:00,16.15,7.3,8.25,8.0,0.266,0.264,2.0,0.0,5283.35
2021-05-23 00:00:00+00:00,16.1,6.7,8.55,8.25,0.265,0.265,2.3,0.0,5056.5
2021-05-30 00:00:00+00:00,16.9,6.75,8.85,8.55,0.265,0.265,1.3,0.0,5558.39
2021-06-06 00:00:00+00:00,24.55,10.65,9.25,8.85,0.265,0.264,3.8,0.0,5681.05
2021-06-13 00:00:00+00:00,24.25,12.0,9.85,9.3,0.264,0.263,0.2,0.0,6481.91
2021-06-20 00:00:00+00:00,27.35,12.4,10.6,9.9,0.263,0.263,4.7,0.0,5710.55
2021-06-27 00:00:00+00:00,19.95,8.85,11.1,10.6,0.263,0.262,4.2,0.0,5853.73
2021-07-04 00:00:00+00:00,21.15,9.9,11.6,11.15,0.262,0.262,5.9,0.0,6724.55
2021-07-11 00:00:00+00:00,21.5,12.65,12.05,11.6,0.262,0.262,2.1,0.0,6795.4
2021-07-18 00:00:00+00:00,26.3,12.2,12.55,12.05,0.262,0.261,2.2,0.0,7335.7
2021-07-25 00:00:00+00:00,23.95,15.55,13.1,12.55,0.261,0.261,1.2,0.0,6790.22
2021-08-01 00:00:00+00:00,22.15,13.4,13.65,13.1,0.261,0.261,1.8,0.0,6550.77
2021-08-08 00:00:00+00:00,21.2,12.3,14.05,13.65,0.261,0.26,3.2,0.0,6459.1
2021-08-15 00:00:00+00:00,23.45,13.65,14.4,14.05,0.26,0.26,2.8,0.0,7011.47
2021-08-22 00:00:00+00:00,22.4,11.4,14.7,14.4,0.26,0.259,3.4,0.0,8417.16
2021-08-29 00:00:00+00:00,19.9,11.65,14.95,14.7,0.259,0.259,0.5,0.0,8376.62
2021-09-05 00:00:00+00:00,20.25,13.7,15.15,14.95,0.259,0.259,0.4,0.0,8873.9
2021-09-12 00:00:00+00:00,24.1,12.2,15.4,15.15,0.259,0.258,0.6,0.0,8629.61
2021-09-19 00:00:00+00:00,22.75,11.85,15.65,15.4,0.258,0.258,2.9,0.0,8377.5
2021-09-26 00:00:00+00:00,22.35,9.45,15.85,15.65,0.258,0.257,0.5,0.0,7809.86
2021-10-03 00:00:00+00:00,17.7,8.2,15.9,15.85,0.257,0.257,4.1,0.0,8039.2
2021-10-10 00:00:00+00:00,18.7,9.15,15.9,15.8,0.257,0.257,9.9,0.0,8274.22
2021-10-17 00:00:00+00:00,16.5,6.3,15.8,15.6,0.257,0.257,1.4,0.0,8218.06
2021-10-24 00:00:00+00:00,20.3,5.05,15.6,15.4,0.257,0.256,9.1,0.0,7701.53
2021-10-31 00:00:00+00:00,16.9,9.0,15.4,15.15,0.256,0.256,2.3,0.0,7621.98
2021-11-07 00:00:00+00:00,12.7,2.4,15.15,14.75,0.256,0.256,2.1,0.0,6284.06
2021-11-14 00:00:00+00:00,14.95,4.4,14.75,14.35,0.257,0.256,0.9,0.0,6273.5
2021-11-21 00:00:00+00:00,12.85,4.75,14.35,14.0,0.257,0.257,0.2,0.0,6074.38
2021-11-28 00:00:00+00:00,10.1,-0.35,14.0,13.55,0.257,0.257,1.0,0.0,6314.27
2021-12-05 00:00:00+00:00,11.1,-0.55,13.55,12.9,0.257,0.257,1.6,0.0,6686.41
2021-12-12 00:00:00+00:00,13.1,-0.15,12.9,12.25,0.258,0.257,4.5,0.0,6232.57
2021-12-19 00:00:00+00:00,13.05,5.45,12.25,11.8,0.258,0.258,0.1,0.0,6204.07
2021-12-26 00:00:00+00:00,10.65,-1.2,11.8,11.35,0.259,0.258,2.4,0.0,5992.89
2022-01-02 00:00:00+00:00,14.75,4.8,11.35,11.05,0.262,0.259,2.6,0.0,6169.31
2022-01-09 00:00:00+00:00,10.2,-2.45,11.05,10.75,0.265,0.262,2.8,0.0,6146.17
2022-01-16 00:00:00+00:00,9.2,-1.0,10.75,10.3,0.269,0.265,1.8,0.0,6081.64
2022-01-23 00:00:00+00:00,8.75,-1.7,10.3,9.7,0.272,0.269,0.0,0.0,6048.61
2022-01-30 00:00:00+00:00,12.85,-0.4,9.7,9.2,0.275,0.272,0.4,0.0,6068.25
2022-02-06 00:00:00+00:00,13.05,1.85,9.2,8.85,0.277,0.275,2.6,0.0,5770.31
2022-02-13 00:00:00+00:00,12.35,0.9,8.85,8.65,0.279,0.277,1.0,0.0,6117.11
2022-02-20 00:00:00+00:00,14.9,2.8,8.65,8.5,0.281,0.279,2.3,0.0,6142.51
2022-02-27 00:00:00+00:00,13.8,1.15,8.5,8.35,0.283,0.281,2.3,0.0,6300.3
2022-03-06 00:00:00+00:00,12.15,3.65,8.35,8.2,0.285,0.283,1.0,0.0,6035.9
2022-03-13 00:00:00+00:00,13.75,2.05,8.2,8.1,0.288,0.285,1.7,0.0,5739.77
2022-03-20 00:00:00+00:00,13.05,2.1,8.1,8.1,0.289,0.288,1.7,0.0,6199.82
2022-03-27 00:00:00+00:00,15.5,1.6,8.15,8.1,0.291,0.289,0.0,0.0,5795.76
2022-04-03 00:00:00+00:00,11.65,0.0,8.2,8.15,0.292,0.291,0.7,0.0,4489.08
2022-04-10 00:00:00+00:00,14.75,2.1,8.2,8.2,0.292,0.292,3.1,0.0,4330.95
2022-04-17 00:00:00+00:00,18.45,6.5,8.35,8.2,0.292,0.292,0.3,0.0,3514.18
2022-04-24 00:00:00+00:00,15.5,5.15,8.6,8.35,0.292,0.292,0.2,0.0,3371.4
2022-05-01 00:00:00+00:00,15.85,4.2,8.85,8.6,0.292,0.292,1.1,0.0,3827.9
2022-05-08 00:00:00+00:00,22.0,6.55,9.15,8.85,0.292,0.291,1.0,0.0,4230.27
2022-05-15 00:00:00+00:00,20.85,6.1,9.5,9.15,0.291,0.291,1.9,0.0,4098.61
2022-05-22 00:00:00+00:00,21.5,9.25,10.0,9.5,0.291,0.29,4.9,0.0,4218.76
2022-05-29 00:00:00+00:00,20.55,7.2,10.45,10.0,0.29,0.29,1.0,0.0,4407.89
2022-06-05 00:00:00+00:00,17.75,5.3,10.8,10.45,0.29,0.289,5.8,0.0,4050.74
2022-06-12 00:00:00+00:00,21.45,11.0,11.2,10.8,0.289,0.288,3.9,0.0,3854.56
2022-06-19 00:00:00+00:00,30.25,11.1,11.7,11.2,0.288,0.287,4.4,0.0,4096.94
2022-06-26 00:00:00+00:00,23.0,9.95,12.2,11.7,0.287,0.286,0.4,0.0,4587.11
2022-07-03 00:00:00+00:00,21.9,10.75,12.7,12.2,0.286,0.285,2.9,0.0,4119.01
2022-07-10 00:00:00+00:00,27.05,10.75,13.15,12.7,0.285,0.284,0.1,0.0,3942.57
2022-07-17 00:00:00+00:00,28.8,13.5,13.75,13.15,0.284,0.283,0.8,0.0,4357.53
2022-07-24 00:00:00+00:00,34.55,15.15,14.45,13.75,0.283,0.281,1.5,0.0,3418.34
2022-07-31 00:00:00+00:00,26.35,13.85,15.05,14.45,0.281,0.28,1.7,0.0,3743.49
2022-08-07 00:00:00+00:00,28.35,11.85,15.6,15.05,0.28,0.279,0.9,0.0,3264.75
2022-08-14 00:00:00+00:00,29.2,13.9,16.1,15.6,0.279,0.277,0.0,0.0,3982.96
2022-08-21 00:00:00+00:00,28.7,13.85,16.6,16.1,0.277,0.276,0.6,0.0,3879.01
2022-08-28 00:00:00+00:00,26.65,14.0,17.0,16.6,0.276,0.275,3.4,0.0,4475.71
2022-09-04 00:00:00+00:00,23.9,14.95,17.25,17.0,0.275,0.274,0.3,0.0,4388.81
2022-09-11 00:00:00+00:00,23.35,13.45,17.45,17.25,0.274,0.273,4.8,0.0,4115.8
2022-09-18 00:00:00+00:00,24.65,8.1,17.55,17.45,0.273,0.273,1.9,0.0,4692.59
2022-09-25 00:00:00+00:00,18.85,9.05,17.55,17.45,0.273,0.272,0.2,0.0,4359.91
2022-10-02 00:00:00+00:00,18.8,5.5,17.45,17.3,0.272,0.271,1.5,0.0,5054.79
2022-10-09 00:00:00+00:00,19.9,5.9,17.3,17.05,0.271,0.271,0.6,0.0,5433.49
2022-10-16 00:00:00+00:00,17.1,4.65,17.05,16.8,0.271,0.27,3.1,0.0,5480.23
2022-10-23 00:00:00+00:00,18.25,6.65,16.85,16.7,0.27,0.269,4.4,0.0,4906.55
2022-10-30 00:00:00+00:00,21.2,10.6,16.7,16.55,0.269,0.268,2.4,0.0,4825.57
2022-11-06 00:00:00+00:00,16.55,5.75,16.55,16.35,0.268,0.268,6.5,0.0,4769.56
2022-11-13 00:00:00+00:00,15.65,7.95,16.35,16.0,0.268,0.268,2.0,0.0,5114.84
2022-11-20 00:00:00+00:00,14.55,4.65,16.0,15.65,0.268,0.268,4.6,0.0,4735.73
2022-11-27 00:00:00+00:00,12.7,2.35,15.65,15.1,0.268,0.268,2.2,0.0,5271.28
2022-12-04 00:00:00+00:00,10.75,4.1,15.1,14.5,0.268,0.268,0.3,0.0,4693.22
2022-12-11 00:00:00+00:00,9.0,-3.55,14.5,13.8,0.269,0.268,3.0,0.0,5648.51
2022-12-18 00:00:00+00:00,7.65,-7.05,13.8,12.8,0.269,0.269,2.0,0.0,6597.81
2022-12-25 00:00:00+00:00,13.25,2.9,12.8,12.0,0.271,0.269,1.5,0.0,5823.27
2023-01-01 00:00:00+00:00,13.4,2.95,12.0,11.5,0.273,0.271,2.8,0.0,5824.67
2023-01-08 00:00:00+00:00,13.3,1.1,11.5,11.2,0.277,0.273,1.2,0.0,5628.48
2023-01-15 00:00:00+00:00,12.4,2.15,11.2,10.95,0.281,0.277,1.9,0.0,5387.64
2023-01-22 00:00:00+00:00,6.45,-4.75,10.95,10.45,0.287,0.281,4.2,0.0,5700.27
2023-01-29 00:00:00+00:00,7.7,-4.0,10.45,9.75,0.292,0.287,0.9,0.0,5377.65
2023-02-05 00:00:00+00:00,12.5,1.5,9.75,9.3,0.295,0.292,0.1,0.0,5249.78
2023-02-12 00:00:00+00:00,10.65,-2.85,9.3,8.9,0.297,0.295,0.1,0.0,4885.19
2023-02-19 00:00:00+00:00,13.35,1.15,8.9,8.6,0.299,0.297,1.4,0.0,4211.77
2023-02-26 00:00:00+00:00,12.45,-0.6,8.6,8.45,0.301,0.299,0.7,0.0,4179.81
2023-03-05 00:00:00+00:00,7.3,2.1,8.45,8.25,0.302,0.301,0.6,0.0,3968.91
2023-03-12 00:00:00+00:00,12.8,-2.55,8.25,7.95,0.303,0.302,2.4,0.0,3449.14
2023-03-19 00:00:00+00:00,13.85,-1.6,7.95,7.8,0.304,0.303,1.2,0.0,2793.52
2023-03-26 00:00:00+00:00,14.0,3.5,7.9,7.8,0.305,0.304,1.6,0.0,3228.18
2023-04-02 00:00:00+00:00,14.55,1.4,7.95,7.9,0.307,0.305,2.5,0.0,2756.64
2023-04-09 00:00:00+00:00,13.5,1.7,8.05,7.95,0.308,0.307,2.9,0.0,2651.57
2023-04-16 00:00:00+00:00,14.3,4.6,8.15,8.05,0.31,0.308,2.6,0.0,3015.34
2023-04-23 00:00:00+00:00,13.6,3.75,8.3,8.15,0.311,0.31,1.6,0.0,3289.41
2023-04-30 00:00:00+00:00,16.35,2.4,8.45,8.3,0.312,0.311,4.3,0.0,3218.33
2023-05-07 00:00:00+00:00,19.2,7.4,8.65,8.45,0.313,0.312,3.0,0.0,3453.57
2023-05-14 00:00:00+00:00,18.15,8.15,9.05,8.65,0.313,0.313,4.7,0.0,3507.47
2023-05-21 00:00:00+00:00,17.4,5.15,9.45,9.05,0.313,0.313,0.6,0.0,3552.09
2023-05-28 00:00:00+00:00,19.4,7.4,9.8,9.45,0.313,0.312,0.1,0.0,3408.41
2023-06-04 00:00:00+00:00,18.05,9.6,10.2,9.8,0.312,0.311,0.1,0.0,2818.22
2023-06-11 00:00:00+00:00,23.2,9.6,10.65,10.2,0.311,0.311,0.1,0.0,2970.45
2023-06-18 00:00:00+00:00,24.45,12.05,11.25,10.65,0.311,0.31,7.3,0.0,3269.39
2023-06-25 00:00:00+00:00,29.6,14.65,11.95,11.25,0.31,0.308,0.7,0.0,3523.99
2023-07-02 00:00:00+00:00,23.3,13.15,12.65,11.95,0.343,0.308,3.8,0.0,3444.81
2023-07-09 00:00:00+00:00,26.2,11.85,13.2,12.65,0.342,0.34,4.0,0.0,3432.12
2023-07-16 00:00:00+00:00,23.3,14.3,13.75,13.2,0.34,0.339,1.7,0.0,3790.77
2023-07-23 00:00:00+00:00,23.0,12.65,14.2,13.75,0.339,0.337,1.8,0.0,3804.5
2023-07-30 00:00:00+00:00,22.45,11.75,14.6,14.2,0.337,0.336,4.2,0.0,3997.7
2023-08-06 00:00:00+00:00,21.85,11.3,14.95,14.6,0.336,0.335,5.4,0.0,3805.19
2023-08-13 00:00:00+00:00,24.1,11.5,15.2,14.95,0.335,0.333,2.3,0.0,4344.71
2023-08-20 00:00:00+00:00,23.75,14.55,15.5,15.2,0.333,0.332,4.3,0.0,4107.78
2023-08-27 00:00:00+00:00,25.2,11.7,15.85,15.5,0.332,0.33,1.8,0.0,3983.73
2023-09-03 00:00:00+00:00,21.1,10.95,16.1,15.85,0.33,0.329,0.3,0.0,4382.78
2023-09-10 00:00:00+00:00,30.55,15.15,16.35,16.1,0.329,0.327,0.0,0.0,4809.23
2023-09-17 00:00:00+00:00,25.95,13.2,16.7,16.35,0.327,0.326,8.9,0.0,4406.72
2023-09-24 00:00:00+00:00,20.85,9.85,16.9,16.7,0.326,0.325,2.9,0.0,4308.2
2023-10-01 00:00:00+00:00,22.8,11.85,16.95,16.9,0.325,0.324,1.6,0.0,4147.31
2023-10-08 00:00:00+00:00,23.2,11.75,16.95,16.95,0.324,0.323,0.1,0.0,4422.24
2023-10-15 00:00:00+00:00,23.65,5.4,17.0,16.95,0.323,0.322,4.2,0.0,3732.77
2023-10-22 00:00:00+00:00,17.9,5.15,17.0,16.75,0.322,0.321,2.8,0.0,3528.89
2023-10-29 00:00:00+00:00,15.2,7.7,16.75,16.45,0.321,0.321,4.2,0.0,3717.49
2023-11-05 00:00:00+00:00,14.4,6.7,16.45,16.05,0.321,0.321,3.6,0.0,3836.54
2023-11-12 00:00:00+00:00,13.1,3.3,16.05,15.5,0.322,0.321,1.1,0.0,3971.03
2023-11-19 00:00:00+00:00,15.1,4.8,15.5,14.95,0.323,0.322,4.5,0.0,3825.71
2023-11-26 00:00:00+00:00,12.4,0.85,14.9,14.4,0.325,0.323,2.5,0.0,4394.38
2023-12-03 00:00:00+00:00,9.6,-1.55,14.4,13.7,0.328,0.325,1.8,0.0,5186.55
2023-12-10 00:00:00+00:00,13.5,0.5,13.7,12.85,0.332,0.328,2.6,0.0,4981.12
2023-12-17 00:00:00+00:00,11.35,2.65,12.85,12.25,0.336,0.332,3.2,0.0,4984.04
2023-12-24 00:00:00+00:00,13.2,5.55,12.25,11.85,0.339,0.336,3.5,0.0,4836.93
2023-12-31 00:00:00+00:00,12.95,4.45,11.85,11.6,0.343,0.339,3.6,0.0,4618.9
2024-01-07 00:00:00+00:00,12.85,2.65,11.6,11.35,0.35,0.343,6.0,0.0,4619.31
2024-01-14 00:00:00+00:00,6.9,1.25,11.35,10.85,0.355,0.35,0.4,0.0,4248.93
2024-01-21 00:00:00+00:00,11.45,-3.55,10.85,10.15,0.358,0.355,0.3,0.0,4262.92
2024-01-28 00:00:00+00:00,12.65,1.4,10.15,9.65,0.36,0.358,1.2,0.0,3513.21
2024-02-04 00:00:00+00:00,13.15,3.7,9.65,9.35,0.361,0.36,0.2,0.0,3461.64
2024-02-11 00:00:00+00:00,12.8,4.2,9.35,9.25,0.363,0.361,5.2,0.0,3415.73
2024-02-18 00:00:00+00:00,15.35,3.35,9.25,9.2,0.368,0.363,2.7,0.0,3164.45
2024-02-25 00:00:00+00:00,12.85,1.3,9.25,9.2,0.374,0.368,2.2,0.0,4067.54
2024-03-03 00:00:00+00:00,12.05,1.6,9.2,9.05,0.379,0.374,2.4,0.0,3773.17
2024-03-10 00:00:00+00:00,10.35,0.5,9.05,8.85,0.384,0.38,0.8,0.0,3326.34
2024-03-17 00:00:00+00:00,15.6,6.2,8.85,8.8,0.389,0.384,2.0,0.0,2917.72
2024-03-24 00:00:00+00:00,13.8,3.9,8.95,8.85,0.391,0.389,0.9,0.0,2969.73
2024-03-31 00:00:00+00:00,12.55,3.6,9.0,8.95,0.391,0.391,1.8,0.0,3050.31
2024-04-07 00:00:00+00:00,19.2,7.85,9.1,9.0,0.391,0.391,2.6,0.0,3175.01
2024-04-14 00:00:00+00:00,19.1,5.7,9.4,9.1,0.391,0.391,1.6,0.0,3400.34
2024-04-21 00:00:00+00:00,12.85,4.35,9.6,9.4,0.391,0.389,1.0,0.0,3369.61
2024-04-28 00:00:00+00:00,12.4,2.15,9.6,9.6,0.389,0.388,3.5,0.0,3266.53
2024-05-05 00:00:00+00:00,20.05,7.15,9.7,9.6,0.388,0.386,3.6,0.0,3311.53
2024-05-12 00:00:00+00:00,18.0,7.8,9.95,9.7,0.386,0.385,3.1,0.0,3467.84
2024-05-19 00:00:00+00:00,19.25,9.85,10.4,9.95,0.385,0.383,4.0,0.0,3526.08
2024-05-26 00:00:00+00:00,18.75,8.45,10.85,10.4,0.383,0.381,2.5,0.0,3502.06
2024-06-02 00:00:00+00:00,18.95,9.3,11.25,10.85,0.381,0.379,1.3,0.0,3833.89
2024-06-09 00:00:00+00:00,19.9,8.25,11.6,11.25,0.379,0.377,0.6,0.0,3932.75
2024-06-16 00:00:00+00:00,19.65,7.95,11.9,11.6,0.377,0.374,1.4,0.0,3599.06
2024-06-23 00:00:00+00:00,22.0,9.75,12.2,11.9,0.374,0.371,0.5,0.0,3871.19
2024-06-30 00:00:00+00:00,25.15,12.05,12.7,12.2,0.371,0.368,0.4,0.0,4255.0
2024-07-07 00:00:00+00:00,21.0,11.55,13.2,12.7,0.368,0.365,4.2,0.0,3955.94
2024-07-14 00:00:00+00:00,21.2,11.3,13.6,13.2,0.365,0.362,2.9,0.0,4201.3
2024-07-21 00:00:00+00:00,25.8,11.9,13.95,13.6,0.362,0.36,1.9,0.0,4802.01
2024-07-28 00:00:00+00:00,23.05,12.95,14.45,13.95,0.36,0.357,2.3,0.0,5024.33
2024-08-04 00:00:00+00:00,25.6,14.8,14.9,14.45,0.357,0.354,4.2,0.0,4798.49
2024-08-11 00:00:00+00:00,25.1,13.85,15.4,14.9,0.354,0.351,1.3,0.0,5458.43
2024-08-18 00:00:00+00:00,31.25,13.75,15.9,15.4,0.351,0.348,1.5,0.0,5882.12
2024-08-25 00:00:00+00:00,23.25,11.85,16.35,15.9,0.348,0.346,4.9,0.0,5370.64
2024-09-01 00:00:00+00:00,25.75,13.15,16.6,16.35,0.346,0.344,2.5,0.0,6064.63
2024-09-08 00:00:00+00:00,23.8,14.0,16.85,16.6,0.344,0.342,5.2,0.0,5821.06
2024-09-15 00:00:00+00:00,19.45,7.6,16.9,16.85,0.342,0.34,1.2,0.0,6020.57
2024-09-22 00:00:00+00:00,20.4,12.0,16.85,16.85,0.34,0.338,12.3,0.0,5200.19
2024-09-29 00:00:00+00:00,19.6,6.1,16.85,16.8,0.338,0.336,3.8,0.0,4773.47
2024-10-06 00:00:00+00:00,16.95,8.75,16.8,16.6,0.336,0.335,7.9,0.0,5021.49
2024-10-13 00:00:00+00:00,18.05,3.85,16.6,16.35,0.335,0.335,2.6,0.0,5423.89
2024-10-20 00:00:00+00:00,21.0,8.6,16.35,16.05,0.335,0.334,4.6,0.0,5252.88
2024-10-27 00:00:00+00:00,17.75,8.4,16.05,15.8,0.334,0.334,1.1,0.0,5515.23
2024-11-03 00:00:00+00:00,15.55,8.6,15.8,15.55,0.334,0.334,4.4,0.0,5161.88
2024-11-10 00:00:00+00:00,12.9,4.6,15.55,15.25,0.334,0.334,0.1,0.0,5672.64
2024-11-17 00:00:00+00:00,11.95,5.2,15.25,14.75,0.334,0.302,1.1,0.0,5311.06
2024-11-24 00:00:00+00:00,17.65,-0.15,14.75,14.15,0.302,0.302,2.9,0.0,5829.43
2024-12-01 00:00:00+00:00,13.2,0.7,14.15,13.6,0.302,0.302,4.0,0.0,5670.78
2024-12-08 00:00:00+00:00,14.1,1.7,13.6,13.1,0.302,0.302,1.8,0.0,5927.01
2024-12-15 00:00:00+00:00,11.3,3.2,13.1,12.6,0.302,0.302,1.1,0.0,6575.78
2024-12-22 00:00:00+00:00,13.85,3.15,12.6,12.15,0.302,0.302,1.4,0.0,6074.02
2024-12-29 00:00:00+00:00,11.95,3.7,12.15,11.75,0.302,0.302,0.1,0.0,6027.42
2025-01-05 00:00:00+00:00,12.3,-1.4,11.75,11.3,0.302,0.302,4.5,0.0,5978.45
2025-01-12 00:00:00+00:00,12.0,-3.25,11.3,10.75,0.304,0.302,0.6,0.0,6619.37
2025-01-19 00:00:00+00:00,9.6,1.25,10.75,10.05,0.305,0.304,0.0,0.0,5836.18
2025-01-26 00:00:00+00:00,11.2,-0.1,10.05,9.5,0.306,0.305,2.4,0.0,5631.29
2025-02-02 00:00:00+00:00,10.0,0.05,9.5,9.1,0.306,0.306,1.7,0.0,5512.46
2025-02-09 00:00:00+00:00,9.85,0.1,9.1,8.7,0.306,0.306,0.7,0.0,5496.01
2025-02-16 00:00:00+00:00,6.55,1.65,8.7,8.35,0.307,0.306,0.7,0.0,5248.29
2025-02-23 00:00:00+00:00,14.5,1.95,8.35,8.05,0.307,0.307,1.6,0.0,5357.29
2025-03-02 00:00:00+00:00,12.55,-0.25,8.05,7.9,0.308,0.307,3.5,0.0,5013.85
2025-03-09 00:00:00+00:00,15.25,-1.3,7.9,7.7,0.31,0.308,0.0,0.0,4566.26
2025-03-16 00:00:00+00:00,12.1,0.4,7.7,7.65,0.312,0.31,1.2,0.0,3956.95
2025-03-23 00:00:00+00:00,15.05,2.85,7.65,7.55,0.312,0.312,0.7,0.0,3495.83
2025-03-30 00:00:00+00:00,15.35,3.8,7.7,7.55,0.316,0.312,0.5,0.0,4178.17
2025-04-06 00:00:00+00:00,14.65,4.65,7.9,7.7,0.334,0.316,0.0,0.0,4030.09
2025-04-13 00:00:00+00:00,17.4,4.3,8.05,7.9,0.337,0.334,0.3,0.0,3911.68
2025-04-20 00:00:00+00:00,14.8,6.35,8.3,8.05,0.337,0.336,1.6,0.0,3986.02
2025-04-27 00:00:00+00:00,16.15,5.65,8.6,8.35,0.336,0.336,2.3,0.0,4447.99
2025-05-04 00:00:00+00:00,18.3,7.05,8.9,8.6,0.336,0.334,0.3,0.0,4540.59
2025-05-11 00:00:00+00:00,17.25,5.2,9.25,8.9,0.334,0.333,0.3,0.0,4558.87
2025-05-18 00:00:00+00:00,19.55,7.3,9.6,9.25,0.333,0.33,1.7,0.0,5101.18
2025-05-25 00:00:00+00:00,20.85,5.1,10.0,9.6,0.33,0.327,1.2,0.0,5213.85
2025-06-01 00:00:00+00:00,23.95,11.2,10.35,10.0,0.327,0.323,1.5,0.0,4789.67
2025-06-08 00:00:00+00:00,19.45,9.75,10.85,10.35,0.323,0.32,3.5,0.0,4282.53
2025-06-15 00:00:00+00:00,24.45,11.25,11.2,10.85,0.32,0.315,7.5,0.0,5123.56
2025-06-22 00:00:00+00:00,29.35,13.65,11.75,11.25,0.315,0.308,0.0,0.0,5357.15
2025-06-29 00:00:00+00:00,29.3,13.95,12.4,11.75,0.308,0.303,1.6,0.0,5805.43
2025-07-06 00:00:00+00:00,31.7,12.3,13.05,12.4,0.303,0.299,6.7,0.0,5653.66
2025-07-13 00:00:00+00:00,24.95,12.4,13.65,13.05,0.299,0.294,1.2,0.0,5524.46
2025-07-20 00:00:00+00:00,26.3,14.75,14.2,13.65,0.294,0.291,6.7,0.0,5095.72
2025-07-27 00:00:00+00:00,24.2,14.85,14.7,14.2,0.291,0.29,6.8,0.0,4851.39
2025-08-03 00:00:00+00:00,23.3,12.9,15.05,14.7,0.29,0.288,1.0,0.0,5065.95
2025-08-10 00:00:00+00:00,25.15,11.8,15.35,15.05,0.288,0.285,0.9,0.0,5357.53
2025-08-17 00:00:00+00:00,28.1,15.05,15.7,15.35,0.285,0.283,0.6,0.0,4721.28
2025-08-24 00:00:00+00:00,22.1,10.95,16.05,15.7,0.283,0.281,0.2,0.0,5192.91
2025-08-31 00:00:00+00:00,24.4,13.65,16.3,16.05,0.281,0.28,2.3,0.0,4463.68
2025-09-07 00:00:00+00:00,26.05,12.25,16.5,16.3,0.28,0.279,3.2,0.0,4366.2
2025-09-14 00:00:00+00:00,20.5,10.3,16.6,16.5,0.279,0.278,4.7,0.0,4223.28
2025-09-21 00:00:00+00:00,25.65,10.4,16.65,16.6,0.278,0.277,1.9,0.0,3995.27
2025-09-28 00:00:00+00:00,17.7,7.75,16.65,16.6,0.277,0.276,0.5,0.0,4421.19
2025-10-05 00:00:00+00:00,19.75,7.9,16.6,16.5,0.276,0.275,3.7,0.0,4640.47
2025-10-12 00:00:00+00:00,18.4,7.7,16.5,16.35,0.275,0.274,0.1,0.0,4482.67
2025-10-19 00:00:00+00:00,15.9,10.4,16.35,16.2,0.274,0.273,0.3,0.0,4302.98
2025-10-26 00:00:00+00:00,15.9,4.95,16.2,15.95,0.273,0.273,7.3,0.0,4045.4
2025-11-02 00:00:00+00:00,16.05,6.5,15.95,15.6,0.273,0.273,3.5,0.0,4090.76
2025-11-09 00:00:00+00:00,16.8,6.8,15.6,15.35,0.273,0.273,0.8,0.0,4128.74
2025-11-16 00:00:00+00:00,16.65,5.9,15.35,15.05,0.273,0.273,2.1,0.0,4225.44
2025-11-23 00:00:00+00:00,10.2,-0.65,15.05,14.6,0.273,0.273,1.7,0.0,4824.63
2025-11-30 00:00:00+00:00,13.15,0.85,14.6,14.0,0.274,0.273,1.1,0.0,4883.29
2025-12-07 00:00:00+00:00,13.75,1.45,14.0,13.4,0.275,0.274,2.0,0.0,4985.23
2025-12-14 00:00:00+00:00,14.15,4.0,13.4,13.0,0.276,0.275,1.1,0.0,5088.82
2025-12-21 00:00:00+00:00,12.45,2.75,13.0,12.6,0.277,0.276,3.3,0.0,4295.36
2025-12-28 00:00:00+00:00,10.15,4.35,12.6,12.15,0.279,0.277,0.1,0.0,5336.64
2026-01-04 00:00:00+00:00,6.5,-2.55,12.15,11.6,0.281,0.279,0.2,0.0,6225.23
2026-01-11 00:00:00+00:00,8.4,-3.9,11.6,10.85,0.283,0.281,3.9,0.0,6098.52
2026-01-18 00:00:00+00:00,10.45,-0.3,10.85,10.25,0.287,0.283,1.7,0.0,5967.35
2026-01-25 00:00:00+00:00,10.25,5.55,10.25,9.9,0.292,0.287,4.3,0.0,5554.46
2026-02-01 00:00:00+00:00,9.9,2.15,9.9,9.6,0.299,0.293,2.9,0.0,4962.48
2026-02-08 00:00:00+00:00,11.15,4.2,9.6,9.25,0.309,0.3,2.5,0.0,4840.18
2026-02-15 00:00:00+00:00,12.25,1.75,9.3,9.1,0.319,0.309,2.6,0.0,4119.6
2026-02-22 00:00:00+00:00,13.8,1.55,9.1,8.8,0.327,0.319,1.4,0.0,3748.1
